Workbook
Name Slicer_Condition: #N/A
Name Slicer_Model_family: #N/A
Name Slicer_Storage_gb_numeric: #N/A

Sheet Backmarket
A1: Platform | B1: Model | C1: Condition | D1: Sold | E1: Price | F1: New | G1: Revenue
A2: Backmarket | B2: iPhone 15 Plus | C2: Unlocked | D2: 1102 | E2: 389.99 | F2: 829 | G2: =Table1_2[[#This Row],[Sold]]*Table1_2[[#This Row],[Price]] -> 429768.98
A3: Backmarket | B3: iPhone 16 | C3: Unlocked | D3: 387 | E3: 561 | F3: 729 | G3: =Table1_2[[#This Row],[Sold]]*Table1_2[[#This Row],[Price]] -> 217107
A4: Backmarket | B4: iPhone 15 | C4: Unlocked | D4: 1901 | E4: 368 | F4: 729 | G4: =Table1_2[[#This Row],[Sold]]*Table1_2[[#This Row],[Price]] -> 699568
A5: Backmarket | B5: iPhone 15 Pro | C5: Unlocked | D5: 1507 | E5: 459.99 | F5: 999 | G5: =Table1_2[[#This Row],[Sold]]*Table1_2[[#This Row],[Price]] -> 693204.93
A6: Backmarket | B6: iPhone 15 Pro Max | C6: Unlocked | D6: 1220 | E6: 589.99 | F6: 1199 | G6: =Table1_2[[#This Row],[Sold]]*Table1_2[[#This Row],[Price]] -> 719787.8
A7: Backmarket | B7: iPhone 17 | C7: Unlocked | D7: 76 | E7: 689 | F7: 829 | G7: =Table1_2[[#This Row],[Sold]]*Table1_2[[#This Row],[Price]] -> 52364
A8: Backmarket | B8: iPhone 17 Pro Max | C8: Unlocked | D8: 71 | E8: 1398 | F8: 0 | G8: =Table1_2[[#This Row],[Sold]]*Table1_2[[#This Row],[Price]] -> 99258
A9: Backmarket | B9: iPhone 14 | C9: Unlocked | D9: 3871 | E9: 263 | F9: 629 | G9: =Table1_2[[#This Row],[Sold]]*Table1_2[[#This Row],[Price]] -> 1018073
A10: Backmarket | B10: iPhone 13 | C10: Unlocked | D10: 5635 | E10: 230 | F10: 629 | G10: =Table1_2[[#This Row],[Sold]]*Table1_2[[#This Row],[Price]] -> 1296050
A11: Backmarket | B11: iPhone 13 mini | C11: Unlocked | D11: 2243 | E11: 210 | F11: 629 | G11: =Table1_2[[#This Row],[Sold]]*Table1_2[[#This Row],[Price]] -> 471030
A12: Backmarket | B12: iPhone 14 Plus | C12: Unlocked | D12: 1619 | E12: 304 | F12: 729 | G12: =Table1_2[[#This Row],[Sold]]*Table1_2[[#This Row],[Price]] -> 492176
A13: Backmarket | B13: iPhone 14 Pro Max | C13: Unlocked | D13: 1574 | E13: 444 | F13: 1099 | G13: =Table1_2[[#This Row],[Sold]]*Table1_2[[#This Row],[Price]] -> 698856
... A15: Backmarket | B15: iPhone 12 | C15: Unlocked | D15: 9302 | E15: 171 | F15: 629 | G15: =Table1_2[[#This Row],[Sold]]*Table1_2[[#This Row],[Price]] -> 1590642
A16: Backmarket | B16: iPhone 12 mini | C16: Unlocked | D16: 4052 | E16: 146 | F16: $459 | G16: =Table1_2[[#This Row],[Sold]]*Table1_2[[#This Row],[Price]] -> 591592
A17: Backmarket | B17: iPhone 12 Pro | C17: Unlocked | D17: 3617 | E17: 243.6 | F17: $799 | G17: =Table1_2[[#This Row],[Sold]]*Table1_2[[#This Row],[Price]] -> 881101.2
A18: Backmarket | B18: iPhone 12 Pro Max | C18: Unlocked | D18: 3248 | E18: 319 | F18: $899 | G18: =Table1_2[[#This Row],[Sold]]*Table1_2[[#This Row],[Price]] -> 1036112
A19: Backmarket | B19: iPhone 15 | C19: Locked AT&T | D19: 39 | E19: 347 | F19: $729 | G19: =Table1_2[[#This Row],[Sold]]*Table1_2[[#This Row],[Price]] -> 13533
A20: Backmarket | B20: iPhone 14 | C20: Locked AT&T | D20: 96 | E20: 265 | F20: $629 | G20: =Table1_2[[#This Row],[Sold]]*Table1_2[[#This Row],[Price]] -> 25440
A21: Backmarket | B21: iPhone 12 | C21: Locked AT&T | D21: 367 | E21: 173.99 | F21: $629 | G21: =Table1_2[[#This Row],[Sold]]*Table1_2[[#This Row],[Price]] -> 63854.33
A22: Backmarket | B22: iPhone 13 | C22: Locked AT&T | D22: 223 | E22: 239 | F22: $629 | G22: =Table1_2[[#This Row],[Sold]]*Table1_2[[#This Row],[Price]] -> 53297
A23: Backmarket | B23: iPhone 14 | C23: Locked T-Mobile | D23: 85 | E23: 269 | F23: $599 | G23: =Table1_2[[#This Row],[Sold]]*Table1_2[[#This Row],[Price]] -> 22865
A24: Backmarket | B24: iPhone 13 | C24: Locked T-Mobile | D24: 111 | E24: 238 | F24: $599 | G24: =Table1_2[[#This Row],[Sold]]*Table1_2[[#This Row],[Price]] -> 26418
A25: Backmarket | B25: iPhone 15 | C25: Locked T-Mobile | D25: 47 | E25: 384 | F25: $699 | G25: =Table1_2[[#This Row],[Sold]]*Table1_2[[#This Row],[Price]] -> 18048
A26: Backmarket | B26: iPhone 15 Pro | C26: Locked AT&T | D26: 21 | E26: 443 | F26: $999 | G26: =Table1_2[[#This Row],[Sold]]*Table1_2[[#This Row],[Price]] -> 9303
A27: Backmarket | B27: iPhone 16 | C27: Locked Verizon | D27: 3 | E27: 475 | F27: $729 | G27: =Table1_2[[#This Row],[Sold]]*Table1_2[[#This Row],[Price]] -> 1425
... A50: Backmarket | B50: iPhone 17 Pro Max | C50: Locked AT&T | D50: 1 | E50: 980 | F50: $1,199 | G50: =Table1_2[[#This Row],[Sold]]*Table1_2[[#This Row],[Price]] -> 980
A51: Backmarket | B51: iPhone 12 mini | C51: Locked AT&T | D51: 110 | E51: 153 | F51: 459 | G51: =Table1_2[[#This Row],[Sold]]*Table1_2[[#This Row],[Price]] -> 16830
A52: Backmarket | B52: iPhone 12 mini | C52: Locked Verizon | D52: 44 | E52: 158 | F52: 459 | G52: =Table1_2[[#This Row],[Sold]]*Table1_2[[#This Row],[Price]] -> 6952
A53: Backmarket | B53: iPhone 12 mini | C53: Locked T-Mobile | D53: 72 | E53: 195 | F53: 549 | G53: =Table1_2[[#This Row],[Sold]]*Table1_2[[#This Row],[Price]] -> 14040
A54: Backmarket | B54: iPhone 13 mini | C54: Locked AT&T | D54: 21 | E54: 249 | F54: 729 | G54: =Table1_2[[#This Row],[Sold]]*Table1_2[[#This Row],[Price]] -> 5229
A55: Backmarket | B55: iPhone 13 mini | C55: Locked T-Mobile | D55: 34 | E55: 256 | F55: 599 | G55: =Table1_2[[#This Row],[Sold]]*Table1_2[[#This Row],[Price]] -> 8704
A56: Backmarket | B56: iPhone 13 | C56: Locked Verizon | D56: 52 | E56: 264.5 | F56: 599 | G56: =Table1_2[[#This Row],[Sold]]*Table1_2[[#This Row],[Price]] -> 13754
A57: Backmarket | B57: iPhone 12 Pro | C57: Locked AT&T | D57: 58 | E57: 270.68 | F57: 799 | G57: =Table1_2[[#This Row],[Sold]]*Table1_2[[#This Row],[Price]] -> 15699.44
A58: Backmarket | B58: iPhone 12 Pro | C58: Locked Verizon | D58: 23 | E58: 270.68 | F58: 799 | G58: =Table1_2[[#This Row],[Sold]]*Table1_2[[#This Row],[Price]] -> 6225.64
A59: Backmarket | B59: iPhone 12 Pro | C59: Locked T-Mobile | D59: 35 | E59: 271.68 | F59: 799 | G59: =Table1_2[[#This Row],[Sold]]*Table1_2[[#This Row],[Price]] -> 9508.8
A60: Backmarket | B60: iPhone 13 mini | C60: Locked Verizon | D60: 13 | E60: 284 | F60: 629 | G60: =Table1_2[[#This Row],[Sold]]*Table1_2[[#This Row],[Price]] -> 3692
A61: Backmarket | B61: iPhone 14 Plus | C61: Locked T-Mobile | D61: 41 | E61: 291 | F61: 699 | G61: =Table1_2[[#This Row],[Sold]]*Table1_2[[#This Row],[Price]] -> 11931
A62: Backmarket | B62: iPhone 12 Pro Max | C62: Locked T-Mobile | D62: 55 | E62: 307 | F62: 899 | G62: =Table1_2[[#This Row],[Sold]]*Table1_2[[#This Row],[Price]] -> 16885
... A69: Backmarket | B69: iPhone 17 Pro Max | C69: Locked Verizon | D69: 0 | E69: 1179 | F69: 0 | G69: =Table1_2[[#This Row],[Sold]]*Table1_2[[#This Row],[Price]] -> 0
D71: =SUM(Table1_2[Sold]) -> 46290

Sheet eBay
A1: Platform2 | B1: Model | C1: Model Family | D1: Warranty | E1: Condition | F1: Ratings | G1: reviews | H1: Price | I1: Delivery charge | J1: Total Price | K1: Location | L1: Sold | M1: Discount | N1: Carriers | O1: Reviews2 | P1: Revenue
A2: eBay | B2: Apple iPhone 12 128GB - Fully Unlocked - VERY GOOD Condition | C2: iPhone 12 | D2: 1 YEAR WARRANTY🔥 FREE RETURNS🔥FREE 2 DAY SHIPPING | E2: Excellent | F2: 4.5 | G2: 54 | H2: 211.2 | I2: 92.33 | J2: =Table1_4[[#This Row],[Price]]+Table1_4[[#This Row],[Delivery charge]] -> 303.53 | K2: United States | L2: 744 | M2: $5 off every 2 items with coupon | N2: gadget-solutions | O2: 99.4% positive (21.8K) | P2: =Table1_4[[#This Row],[Total Price]]*Table1_4[[#This Row],[ Sold]] -> 225826.32
A3: eBay | B3: Apple iPhone 14 128GB - Fully Unlocked - VERY GOOD Condition | C3: iPhone 14 | D3: 1 YEAR WARRANTY🔥 FREE RETURNS🔥FREE 2 DAY SHIPPING | E3: Very Good | F3: 4.5 | G3: 17 | H3: 283.2 | I3: 108.89 | J3: =Table1_4[[#This Row],[Price]]+Table1_4[[#This Row],[Delivery charge]] -> 392.09 | K3: United States | L3: 494 | M3: $5 off every 2 items with coupon | N3: gadget-solutions | O3: 99.4% positive (21.8K) | P3: =Table1_4[[#This Row],[Total Price]]*Table1_4[[#This Row],[ Sold]] -> 193692.46
A4: eBay | B4: Apple iPhone 12 Mini 128GB Fully Unlocked - VERY GOOD Condition | C4: iPhone 12 Mini | D4: No Warranty | E4: Very Good | F4: 5 | G4: 31 | H4: 170.9 | I4: 83.07 | J4: =Table1_4[[#This Row],[Price]]+Table1_4[[#This Row],[Delivery charge]] -> 253.97 | K4: United States | L4: 326 | M4: $5 off every 2 items with coupon | N4: gadget-solutions | O4: 99.4% positive (21.8K) | P4: =Table1_4[[#This Row],[Total Price]]*Table1_4[[#This Row],[ Sold]] -> 82794.22
A5: eBay | B5: Apple iPhone 15 128GB - Fully Unlocked- VERY GOOD Condition | C5: iPhone 15 | D5: 1 YEAR WARRANTY🔥 FREE RETURNS🔥FREE FEDEX 2 DAY | E5: Very Good | F5: 5 | G5: 5 | H5: 396.5 | I5: 134.95 | J5: =Table1_4[[#This Row],[Price]]+Table1_4[[#This Row],[Delivery charge]] -> 531.45 | K5: United States | L5: 115 | M5: $5 off every 2 items with coupon | N5: gadget-solutions | O5: 99.4% positive (21.8K) | P5: =Table1_4[[#This Row],[Total Price]]*Table1_4[[#This Row],[ Sold]] -> 61116.75
A6: eBay | B6: Apple iPhone 14 128GB Midnight Factory Unlocked (1-Year Warranty) Good | C6: iPhone 14 | D6: 1-Year Warranty🔵FREE RETURNS🟡U.S SELLER🔴 | E6: Good | F6: 5 | G6: 84 | H6: 254.99 | I6: 105.03 | J6: =Table1_4[[#This Row],[Price]]+Table1_4[[#This Row],[Delivery charge]] -> 360.02 | K6: United States | L6: 79 | M6: No Discount | N6: qualitycellz | O6: 100% positive (172K) | P6: =Table1_4[[#This Row],[Total Price]]*Table1_4[[#This Row],[ Sold]] -> 28441.58
A7: eBay | B7: Apple iPhone 14 128GB Factory Unlocked Very Good | C7: iPhone 14 | D7: 12-MONTH WARRANTY • FREE FAST SHIPPING • 30 DAY RETURNS | E7: Very Good | F7: 4.5 | G7: 17 | H7: 265 | I7: 104.71 | J7: =Table1_4[[#This Row],[Price]]+Table1_4[[#This Row],[Delivery charge]] -> 369.71 | K7: United States | L7: 17 | M7: No Discount | N7: savaydeals | O7: 99.8% positive (16.6K) | P7: =Table1_4[[#This Row],[Total Price]]*Table1_4[[#This Row],[ Sold]] -> 6285.07
A8: eBay | B8: Apple iPhone 12 Mini, 64/128/256GB - Unlocked- Refurbished Excellent | C8: iPhone 12 Mini | D8: No Warranty | E8: Excellent | F8: 5 | G8: 31 | H8: 189.99 | I8: 93.53 | J8: =Table1_4[[#This Row],[Price]]+Table1_4[[#This Row],[Delivery charge]] -> 283.52 | K8: United States | L8: 57 | M8: No Discount | N8: electronicdea1s | O8: 98.9% positive (34.9K) | P8: =Table1_4[[#This Row],[Total Price]]*Table1_4[[#This Row],[ Sold]] -> 16160.64
A9: eBay | B9: Apple iPhone 12 Purple 64GB Good - Refurbished - Unlocked | C9: iPhone 12 | D9: No Warranty | E9: Good | F9: 5 | G9: 23 | H9: 175.56 | I9: 84.14 | J9: =Table1_4[[#This Row],[Price]]+Table1_4[[#This Row],[Delivery charge]] -> 259.7 | K9: United States | L9: 195 | M9: No Discount | N9: verizon | O9: 99.5% positive (25.7K) | P9: =Table1_4[[#This Row],[Total Price]]*Table1_4[[#This Row],[ Sold]] -> 50641.5
A10: eBay | B10: Apple iPhone 12 Red 64GB Good - Refurbished - Unlocked | C10: iPhone 12 | D10: No Warranty | E10: Good | F10: 4 | G10: 11 | H10: 168.58 | I10: 82.53 | J10: =Table1_4[[#This Row],[Price]]+Table1_4[[#This Row],[Delivery charge]] -> 251.11 | K10: United States | L10: 138 | M10: No Discount | N10: verizon | O10: 99.5% positive (25.7K) | P10: =Table1_4[[#This Row],[Total Price]]*Table1_4[[#This Row],[ Sold]] -> 34653.18
A11: eBay | B11: Apple iPhone 12, 64/128/256GB - Unlocked - Refurbished Excellent | C11: iPhone 12 | D11: No Warranty | E11: Excellent | H11: 219.99 | I11: 96.98 | J11: =Table1_4[[#This Row],[Price]]+Table1_4[[#This Row],[Delivery charge]] -> 316.97 | K11: United States | L11: 34 | M11: No Discount | N11: electronicdea1s | O11: 98.9% positive (34.9K) | P11: =Table1_4[[#This Row],[Total Price]]*Table1_4[[#This Row],[ Sold]] -> 10776.98
A12: eBay | B12: Apple iPhone 14 Plus A2632 128GB Unlocked - Excellent Refurbished | C12: iPhone 14 Plus | D12: No Warranty | E12: Excellent | F12: 4.5 | G12: 25 | H12: 303.99 | I12: 113.68 | J12: =Table1_4[[#This Row],[Price]]+Table1_4[[#This Row],[Delivery charge]] -> 417.67 | K12: United States | L12: 26 | M12: No Discount | N12: cellularstream | O12: 98.8% positive (173.8K) | P12: =Table1_4[[#This Row],[Total Price]]*Table1_4[[#This Row],[ Sold]] -> 10859.42
A13: eBay | B13: Apple iPhone 12 Blue 128GB Good - Refurbished - Unlocked | C13: iPhone 12 | D13: No Warranty | E13: Good | F13: 4.5 | G13: 54 | H13: 192.99 | I13: 88.15 | J13: =Table1_4[[#This Row],[Price]]+Table1_4[[#This Row],[Delivery charge]] -> 281.14 | K13: United States | L13: 197 | M13: No Discount | N13: verizon | O13: 99.5% positive (25.7K) | P13: =Table1_4[[#This Row],[Total Price]]*Table1_4[[#This Row],[ Sold]] -> 55384.58
A14: eBay | B14: Apple iPhone 12 64GB – Fully Unlocked - VERY GOOD CONDITION - Unlocked | C14: iPhone 12 | D14: 1 YEAR WARRANTY🔥 FREE RETURNS🔥FREE 2 DAY SHIPPING | E14: Very Good | F14: 4.5 | G14: 89 | H14: 182.4 | I14: 85.71 | J14: =Table1_4[[#This Row],[Price]]+Table1_4[[#This Row],[Delivery charge]] -> 268.11 | K14: United States | L14: 2808 | M14: $5 off every 2 items with coupon | N14: gadget-solutions | O14: 99.4% positive (21.8K) | P14: =Table1_4[[#This Row],[Total Price]]*Table1_4[[#This Row],[ Sold]] -> 752852.88
A15: eBay | B15: Apple iPhone 12 Mini 64GB - Fully Unlocked - EXCELLENT Condition | C15: iPhone 12 Mini | D15: No Warranty | E15: Excellent | F15: 4.5 | G15: 18 | H15: 168 | I15: 82.4 | J15: =Table1_4[[#This Row],[Price]]+Table1_4[[#This Row],[Delivery charge]] -> 250.4 | K15: United States | L15: 6 | M15: $5 off every 2 items with coupon | N15: gadget-solutions | O15: 99.4% positive (21.8K) | P15: =Table1_4[[#This Row],[Total Price]]*Table1_4[[#This Row],[ Sold]] -> 1502.4
A16: eBay | B16: Apple iPhone 15 Plus 128GB - Fully Unlocked - VERY GOOD Condition | C16: iPhone 15 Plus | D16: No Warranty | E16: Very Good | F16: 4.5 | G16: 4 | H16: 398.4 | I16: 135.39 | J16: =Table1_4[[#This Row],[Price]]+Table1_4[[#This Row],[Delivery charge]] -> 533.79 | K16: United States | L16: 107 | M16: $5 off every 2 items with coupon | N16: gadget-solutions | O16: 99.4% positive (21.8K) | P16: =Table1_4[[#This Row],[Total Price]]*Table1_4[[#This Row],[ Sold]] -> 57115.53
A17: eBay | B17: Apple iPhone 12 Pro 256GB - Fully Unlocked - VERY GOOD Condition | C17: iPhone 12 Pro | D17: No Warranty | E17: Very Good | F17: 4.5 | G17: 37 | H17: 266.9 | I17: 105.15 | J17: =Table1_4[[#This Row],[Price]]+Table1_4[[#This Row],[Delivery charge]] -> 372.05 | K17: United States | L17: 43 | M17: $5 off every 2 items with coupon | N17: gadget-solutions | O17: 99.4% positive (21.8K) | P17: =Table1_4[[#This Row],[Total Price]]*Table1_4[[#This Row],[ Sold]] -> 15998.15
A18: eBay | B18: Apple iPhone 12 White 128GB Very Good - Refurbished - Unlocked | C18: iPhone 12 | D18: No Warranty | E18: Very Good | H18: 203.86 | I18: 90.65 | J18: =Table1_4[[#This Row],[Price]]+Table1_4[[#This Row],[Delivery charge]] -> 294.51 | K18: United States | L18: 116 | M18: No Discount | N18: verizon | O18: 99.5% positive (25.7K) | P18: =Table1_4[[#This Row],[Total Price]]*Table1_4[[#This Row],[ Sold]] -> 34163.16
A19: eBay | B19: Apple iPhone 12 256GB - Fully Unlocked - VERY GOOD Condition | C19: iPhone 12 | D19: 1 YEAR WARRANTY🔥 FREE RETURNS🔥FREE FEDEX 2 DAY | E19: Very Good | F19: 5 | G19: 19 | H19: 227.5 | I19: 96.08 | J19: =Table1_4[[#This Row],[Price]]+Table1_4[[#This Row],[Delivery charge]] -> 323.58 | K19: United States | L19: 188 | M19: $5 off every 2 items with coupon | N19: gadget-solutions | O19: 99.4% positive (21.8K) | P19: =Table1_4[[#This Row],[Total Price]]*Table1_4[[#This Row],[ Sold]] -> 60833.04
A20: eBay | B20: Apple iPhone 16 128GB Factory Unlocked Very Good Condition | C20: iPhone 16 | D20: 12-MONTH WARRANTY • FREE FAST SHIPPING • 30 DAY RETURNS | E20: Very Good | H20: 555 | I20: 158.46 | J20: =Table1_4[[#This Row],[Price]]+Table1_4[[#This Row],[Delivery charge]] -> 713.46 | K20: United States | L20: 0 | M20: No Discount | N20: savaydeals | O20: 99.8% positive (16.6K) | P20: =Table1_4[[#This Row],[Total Price]]*Table1_4[[#This Row],[ Sold]] -> 0
A21: eBay | B21: Apple iPhone 13 128GB Unlocked - Good | C21: iPhone 13 | D21: Free 2-Day Shipping - 1 Yr AllState Warranty - Cellfeee | E21: Good | F21: 4.5 | G21: 15 | H21: 225.99 | I21: 82.78 | J21: =Table1_4[[#This Row],[Price]]+Table1_4[[#This Row],[Delivery charge]] -> 308.77 | K21: United States | L21: 170 | M21: No Discount | N21: cellfeee | O21: 99.4% positive (184K) | P21: =Table1_4[[#This Row],[Total Price]]*Table1_4[[#This Row],[ Sold]] -> 52490.9
A22: eBay | B22: Apple iPhone 15 A2846 128GB Unlocked - Excellent Refurbished | C22: iPhone 15 | D22: No Warranty | E22: Excellent | H22: 388.99 | I22: 135.85 | J22: =Table1_4[[#This Row],[Price]]+Table1_4[[#This Row],[Delivery charge]] -> 524.84 | K22: United States | L22: 32 | M22: No Discount | N22: cellularstream | O22: 98.8% positive (173.8K) | P22: =Table1_4[[#This Row],[Total Price]]*Table1_4[[#This Row],[ Sold]] -> 16794.88
A23: eBay | B23: Apple iPhone 14 A2649 128GB Unlocked - Excellent Refurbished | C23: iPhone 14 | D23: No Warranty | E23: Excellent | F23: 4.5 | G23: 15 | H23: 298.99 | I23: 112.53 | J23: =Table1_4[[#This Row],[Price]]+Table1_4[[#This Row],[Delivery charge]] -> 411.52 | K23: United States | L23: 0 | M23: No Discount | N23: cellularstream | O23: 98.8% positive (173.8K) | P23: =Table1_4[[#This Row],[Total Price]]*Table1_4[[#This Row],[ Sold]] -> 0
A24: eBay | B24: Apple iPhone 15 A2846 128GB Unlocked - Very Good Refurbished | C24: iPhone 15 | D24: No Warranty | E24: Very Good | H24: 375.99 | I24: 132.86 | J24: =Table1_4[[#This Row],[Price]]+Table1_4[[#This Row],[Delivery charge]] -> 508.85 | K24: United States | L24: 17 | M24: No Discount | N24: cellularstream | O24: 98.8% positive (173.8K) | P24: =Table1_4[[#This Row],[Total Price]]*Table1_4[[#This Row],[ Sold]] -> 8650.45
A25: eBay | B25: Apple iPhone 13 256GB Factory Unlocked Very Good | C25: iPhone 13 | D25: 12-MONTH WARRANTY • FREE FAST SHIPPING • 30 DAY RETURNS | E25: Very Good | F25: 5 | G25: 5 | H25: 265 | I25: 91.76 | J25: =Table1_4[[#This Row],[Price]]+Table1_4[[#This Row],[Delivery charge]] -> 356.76 | K25: United States | L25: 0 | M25: No Discount | N25: savaydeals | O25: 99.8% positive (16.6K) | P25: =Table1_4[[#This Row],[Total Price]]*Table1_4[[#This Row],[ Sold]] -> 0
A26: eBay | B26: Apple iPhone 14 128GB Unlocked - Good | C26: iPhone 14 | D26: Free 2-Day Shipping - 1 Yr AllState Warranty - Cellfeee | E26: Good | F26: 5 | G26: 84 | H26: 258.99 | I26: 90.37 | J26: =Table1_4[[#This Row],[Price]]+Table1_4[[#This Row],[Delivery charge]] -> 349.36 | K26: United States | L26: 710 | M26: No Discount | N26: cellfeee | O26: 99.4% positive (184K) | P26: =Table1_4[[#This Row],[Total Price]]*Table1_4[[#This Row],[ Sold]] -> 248045.6
A27: eBay | B27: Apple iPhone 12 Mini 64GB - Fully Unlocked - VERY GOOD Condition | C27: iPhone 12 Mini | D27: 1 YEAR WARRANTY🔥 FREE RETURNS🔥FREE FAST SHIPPING | E27: Very Good | F27: 4.5 | G27: 18 | H27: 158.4 | I27: 80.19 | J27: =Table1_4[[#This Row],[Price]]+Table1_4[[#This Row],[Delivery charge]] -> 238.59 | K27: United States | L27: 341 | M27: $5 off every 2 items with coupon | N27: gadget-solutions | O27: 99.4% positive (21.8K) | P27: =Table1_4[[#This Row],[Total Price]]*Table1_4[[#This Row],[ Sold]] -> 81359.19
A28: eBay | B28: Apple iPhone 12 - 64GB-256GB - All Colors - Fully Unlocked - VERY GOOD Condition | C28: iPhone 12 | D28: No Warranty | E28: Very Good | F28: 4.5 | G28: 89 | H28: 187.99 | I28: 87 | J28: =Table1_4[[#This Row],[Price]]+Table1_4[[#This Row],[Delivery charge]] -> 274.99 | K28: United States | L28: 142 | M28: $5 off every 2 items with coupon | N28: gadget-solutions | O28: 99.4% positive (21.8K) | P28: =Table1_4[[#This Row],[Total Price]]*Table1_4[[#This Row],[ Sold]] -> 39048.58
A29: eBay | B29: Apple iPhone 14 256GB Factory Unlocked Very Good | C29: iPhone 14 | D29: 12-MONTH WARRANTY • FREE FAST SHIPPING • 30 DAY RETURNS | E29: Very Good | F29: 5 | G29: 6 | H29: 305 | I29: 113.91 | J29: =Table1_4[[#This Row],[Price]]+Table1_4[[#This Row],[Delivery charge]] -> 418.91 | K29: United States | L29: 0 | M29: No Discount | N29: savaydeals | O29: 99.8% positive (16.6K) | P29: =Table1_4[[#This Row],[Total Price]]*Table1_4[[#This Row],[ Sold]] -> 0
A30: eBay | B30: Apple iPhone 13 Mini 128GB - Fully Unlocked - VERY GOOD Condition | C30: iPhone 13 Mini | D30: No Warranty | E30: Very Good | F30: 4.5 | G30: 18 | H30: 218.9 | I30: 94.11 | J30: =Table1_4[[#This Row],[Price]]+Table1_4[[#This Row],[Delivery charge]] -> 313.01 | K30: United States | L30: 64 | M30: $5 off every 2 items with coupon | N30: gadget-solutions | O30: 99.4% positive (21.8K) | P30: =Table1_4[[#This Row],[Total Price]]*Table1_4[[#This Row],[ Sold]] -> 20032.64
A31: eBay | B31: Apple iPhone 14 PRO MAX 256GB - Fully Unlocked - VERY GOOD Condition | C31: iPhone 14 Pro Max | D31: No Warranty | E31: Very Good | F31: 4.5 | G31: 41 | H31: 499.2 | I31: 158.57 | J31: =Table1_4[[#This Row],[Price]]+Table1_4[[#This Row],[Delivery charge]] -> 657.77 | K31: United States | L31: 0 | M31: $5 off every 2 items with coupon | N31: gadget-solutions | O31: 99.4% positive (21.8K) | P31: =Table1_4[[#This Row],[Total Price]]*Table1_4[[#This Row],[ Sold]] -> 0
A32: eBay | B32: Apple iPhone 13 256GB - Fully Unlocked - VERY GOOD Condition | C32: iPhone 13 | D32: 1 YEAR WARRANTY🔥 FREE RETURNS🔥FREE FEDEX 2 DAY | E32: Very Good | F32: 5 | G32: 6 | H32: 278.4 | I32: 107.79 | J32: =Table1_4[[#This Row],[Price]]+Table1_4[[#This Row],[Delivery charge]] -> 386.19 | K32: United States | L32: 101 | M32: $5 off every 2 items with coupon | N32: gadget-solutions | O32: 99.4% positive (21.8K) | P32: =Table1_4[[#This Row],[Total Price]]*Table1_4[[#This Row],[ Sold]] -> 39005.19
A33: eBay | B33: Apple iPhone 12 Pro 128GB - Fully Unlocked - VERY GOOD Condition | C33: iPhone 12 Pro | D33: 1 YEAR WARRANTY🔥 FREE RETURNS🔥FREE 2 DAY SHIPPING | E33: Very Good | F33: 4.5 | G33: 10 | H33: 242.9 | I33: 99.63 | J33: =Table1_4[[#This Row],[Price]]+Table1_4[[#This Row],[Delivery charge]] -> 342.53 | K33: United States | L33: 326 | M33: $5 off every 2 items with coupon | N33: gadget-solutions | O33: 99.4% positive (21.8K) | P33: =Table1_4[[#This Row],[Total Price]]*Table1_4[[#This Row],[ Sold]] -> 111664.78
A34: eBay | B34: Apple iPhone 14 Plus A2632 128GB Unlocked - Very Good Refurbished | C34: iPhone 14 Plus | D34: No Warranty | E34: Very Good | F34: 4.5 | G34: 25 | H34: 294.99 | I34: 111.61 | J34: =Table1_4[[#This Row],[Price]]+Table1_4[[#This Row],[Delivery charge]] -> 406.6 | K34: United States | L34: 0 | M34: No Discount | N34: cellularstream | O34: 98.8% positive (173.8K) | P34: =Table1_4[[#This Row],[Total Price]]*Table1_4[[#This Row],[ Sold]] -> 0
A35: eBay | B35: Apple iPhone 15 Plus A2847 128GB Unlocked - Excellent Refurbished | C35: iPhone 15 Plus | D35: No Warranty | E35: Excellent | H35: 416.99 | I35: 142.29 | J35: =Table1_4[[#This Row],[Price]]+Table1_4[[#This Row],[Delivery charge]] -> 559.28 | K35: United States | L35: 0 | M35: No Discount | N35: cellularstream | O35: 98.8% positive (173.8K) | P35: =Table1_4[[#This Row],[Total Price]]*Table1_4[[#This Row],[ Sold]] -> 0
A36: eBay | B36: Apple iPhone 15 Plus A2847 128GB Unlocked - Very Good Refurbished | C36: iPhone 15 Plus | D36: No Warranty | E36: Very Good | H36: 408.99 | I36: 140.45 | J36: =Table1_4[[#This Row],[Price]]+Table1_4[[#This Row],[Delivery charge]] -> 549.44 | K36: United States | L36: 0 | M36: No Discount | N36: cellularstream | O36: 98.8% positive (173.8K) | P36: =Table1_4[[#This Row],[Total Price]]*Table1_4[[#This Row],[ Sold]] -> 0
A37: eBay | B37: Apple iPhone 13 A2482 128GB Midnight TracFone Locked Very Good | C37: iPhone 13 | D37: No Warranty | E37: Very Good | F37: 4 | G37: 1 | H37: 189.99 | I37: 90.08 | J37: =Table1_4[[#This Row],[Price]]+Table1_4[[#This Row],[Delivery charge]] -> 280.07 | K37: United States | L37: 55 | M37: No Discount | N37: sunnking | O37: 99.6% positive (165.4K) | P37: =Table1_4[[#This Row],[Total Price]]*Table1_4[[#This Row],[ Sold]] -> 15403.85
A38: eBay | B38: Apple iPhone 13 128GB Midnight A2482 ((Unlocked)) EXCELLENT | C38: iPhone 13 | D38: No Warranty | E38: Excellent | F38: 4.5 | G38: 108 | H38: 229.38 | I38: 96.52 | J38: =Table1_4[[#This Row],[Price]]+Table1_4[[#This Row],[Delivery charge]] -> 325.9 | K38: United States | L38: 20 | M38: No Discount | N38: soonersoft | O38: 99.2% positive (189.5K) | P38: =Table1_4[[#This Row],[Total Price]]*Table1_4[[#This Row],[ Sold]] -> 6518
A39: eBay | B39: Apple iPhone 12 64GB Unlocked Good Condition - All Colors | C39: iPhone 12 | D39: 12-MONTH WARRANTY • HAND TESTED • FREE SHIPPING | E39: Good | F39: 4.5 | G39: 89 | H39: 169.99 | I39: 82.86 | J39: =Table1_4[[#This Row],[Price]]+Table1_4[[#This Row],[Delivery charge]] -> 252.85 | K39: United States | L39: 373 | M39: No Discount | N39: itsworthmore | O39: 99.5% positive (149.3K) | P39: =Table1_4[[#This Row],[Total Price]]*Table1_4[[#This Row],[ Sold]] -> 94313.05
A40: eBay | B40: Apple iPhone 13 128GB Fully Unlocked - Very Good Condition | C40: iPhone 13 | D40: 1 YEAR WARRANTY🔥 FREE RETURNS🔥FREE 2 DAY SHIPPING | E40: Very Good | F40: 5 | G40: 53 | H40: 259.2 | I40: 103.37 | J40: =Table1_4[[#This Row],[Price]]+Table1_4[[#This Row],[Delivery charge]] -> 362.57 | K40: United States | L40: 443 | M40: $5 off every 2 items with coupon | N40: gadget-solutions | O40: 99.4% positive (21.8K) | P40: =Table1_4[[#This Row],[Total Price]]*Table1_4[[#This Row],[ Sold]] -> 160618.51
A41: eBay | B41: Apple iPhone 14 Plus 128GB Fully Unlocked - VERY GOOD Condition | C41: iPhone 14 Plus | D41: 1 YEAR WARRANTY🔥 FREE RETURNS🔥FREE 2 DAY SHIPPING | E41: Very Good | F41: 4.5 | G41: 2 | H41: 299.5 | I41: 112.64 | J41: =Table1_4[[#This Row],[Price]]+Table1_4[[#This Row],[Delivery charge]] -> 412.14 | K41: United States | L41: 63 | M41: $5 off every 2 items with coupon | N41: gadget-solutions | O41: 99.4% positive (21.8K) | P41: =Table1_4[[#This Row],[Total Price]]*Table1_4[[#This Row],[ Sold]] -> 25964.82
A42: eBay | B42: Apple iPhone 13 128GB Factory Unlocked Very Good | C42: iPhone 13 | D42: 12-MONTH WARRANTY • FREE FAST SHIPPING • 30 DAY RETURNS | E42: Very Good | F42: 4.5 | G42: 108 | H42: 245 | I42: 100.11 | J42: =Table1_4[[#This Row],[Price]]+Table1_4[[#This Row],[Delivery charge]] -> 345.11 | K42: United States | L42: 0 | M42: No Discount | N42: savaydeals | O42: 99.8% positive (16.6K) | P42: =Table1_4[[#This Row],[Total Price]]*Table1_4[[#This Row],[ Sold]] -> 0
A43: eBay | B43: Apple iPhone 14 A2649 (Fully Unlocked) 128GB Midnight (Excellent) | C43: iPhone 14 | D43: No Warranty | E43: Excellent | F43: 5 | G43: 84 | H43: 304.99 | I43: 113.91 | J43: =Table1_4[[#This Row],[Price]]+Table1_4[[#This Row],[Delivery charge]] -> 418.9 | K43: United States | L43: 274 | M43: No Discount | N43: wireless-source | O43: 97.5% positive (19.7K) | P43: =Table1_4[[#This Row],[Total Price]]*Table1_4[[#This Row],[ Sold]] -> 114778.6
A44: eBay | B44: Apple iPhone 15 128GB Unlocked - Good | C44: iPhone 15 | D44: Free 2-Day Shipping - 1 Yr AllState Warranty - Cellfeee | E44: Good | F44: 5 | G44: 48 | H44: 364.99 | I44: 114.75 | J44: =Table1_4[[#This Row],[Price]]+Table1_4[[#This Row],[Delivery charge]] -> 479.74 | K44: United States | L44: 192 | M44: No Discount | N44: cellfeee | O44: 99.4% positive (184K) | P44: =Table1_4[[#This Row],[Total Price]]*Table1_4[[#This Row],[ Sold]] -> 92110.08
A45: eBay | B45: Apple iPhone 12 64GB Unlocked Very Good Condition - All Colors | C45: iPhone 12 | D45: 12-MONTH WARRANTY • HAND TESTED • FREE SHIPPING | E45: Very Good | H45: 174.99 | I45: 84.01 | J45: =Table1_4[[#This Row],[Price]]+Table1_4[[#This Row],[Delivery charge]] -> 259 | K45: United States | L45: 441 | M45: No Discount | N45: itsworthmore | O45: 99.5% positive (149.3K) | P45: =Table1_4[[#This Row],[Total Price]]*Table1_4[[#This Row],[ Sold]] -> 114219
A46: eBay | B46: Apple iPhone 12 mini - 64 GB | 128GB | 256GB (Unlocked) Smartphone - Very Good | C46: iPhone 12 Mini | D46: No Warranty | E46: Very Good | F46: 4.5 | G46: 54 | H46: 156.7 | I46: 82.42 | J46: =Table1_4[[#This Row],[Price]]+Table1_4[[#This Row],[Delivery charge]] -> 239.12 | K46: United States | L46: 143 | M46: No Discount | N46: ideal-mobile | O46: 99.7% positive (8.4K) | P46: =Table1_4[[#This Row],[Total Price]]*Table1_4[[#This Row],[ Sold]] -> 34194.16
A47: eBay | B47: Apple iPhone 13 Pro Max A2484 128GB Unlocked - Good Refurbished | C47: iPhone 13 Pro Max | D47: No Warranty | E47: Good | F47: 4.5 | G47: 18 | H47: 361.99 | I47: 129.64 | J47: =Table1_4[[#This Row],[Price]]+Table1_4[[#This Row],[Delivery charge]] -> 491.63 | K47: United States | L47: 9 | M47: No Discount | N47: cellularstream | O47: 98.8% positive (173.8K) | P47: =Table1_4[[#This Row],[Total Price]]*Table1_4[[#This Row],[ Sold]] -> 4424.67
A48: eBay | B48: Apple iPhone 12 Mini 5.4" Unlocked (Any Carrier) 64GB 128GB 256GB Very Good | C48: iPhone 12 Mini | D48: No Warranty | E48: Very Good | F48: 4.5 | G48: 23 | H48: 164.99 | I48: 90.08 | J48: =Table1_4[[#This Row],[Price]]+Table1_4[[#This Row],[Delivery charge]] -> 255.07 | K48: United States | L48: 59 | M48: No Discount | N48: sami809 | O48: 99.1% positive (268.9K) | P48: =Table1_4[[#This Row],[Total Price]]*Table1_4[[#This Row],[ Sold]] -> 15049.13
A49: eBay | B49: Apple iPhone 12, 128GB, Product Red - Factory Unlocked Very Good | C49: iPhone 12 | D49: No Warranty | E49: Very Good | F49: 5 | G49: 10 | H49: 225 | I49: 95.51 | J49: =Table1_4[[#This Row],[Price]]+Table1_4[[#This Row],[Delivery charge]] -> 320.51 | K49: United States | L49: 0 | M49: No Discount | N49: savaydeals | O49: 99.8% positive (16.6K) | P49: =Table1_4[[#This Row],[Total Price]]*Table1_4[[#This Row],[ Sold]] -> 0
A50: eBay | B50: Apple iPhone 12 mini - 128 GB - Blue (Unlocked) Smartphone - Very Good | C50: iPhone 12 Mini | D50: No Warranty | E50: Very Good | F50: 4.5 | G50: 51 | H50: 175.7 | I50: 84.17 | J50: =Table1_4[[#This Row],[Price]]+Table1_4[[#This Row],[Delivery charge]] -> 259.87 | K50: United States | L50: 50 | M50: $10 off 3+ with coupon | N50: tech-hobbies | O50: 99.7% positive (9.7K) | P50: =Table1_4[[#This Row],[Total Price]]*Table1_4[[#This Row],[ Sold]] -> 12993.5
A51: eBay | B51: Apple iPhone 14 256GB - Fully Unlocked - VERY GOOD Condition | C51: iPhone 14 | D51: 1 YEAR WARRANTY🔥 FREE RETURNS🔥FREE 2 DAY SHIPPING | E51: Very Good | H51: 313.9 | I51: 115.96 | J51: =Table1_4[[#This Row],[Price]]+Table1_4[[#This Row],[Delivery charge]] -> 429.86 | K51: United States | L51: 143 | M51: $5 off every 2 items with coupon | N51: gadget-solutions | O51: 99.4% positive (21.8K) | P51: =Table1_4[[#This Row],[Total Price]]*Table1_4[[#This Row],[ Sold]] -> 61469.98
A52: eBay | B52: Apple iPhone 13 128GB Unlocked Midnight A2482 MLML3LL/A Very Good | C52: iPhone 13 | D52: No Warranty | E52: Good | F52: 4.5 | G52: 108 | H52: 229.95 | I52: 96.65 | J52: =Table1_4[[#This Row],[Price]]+Table1_4[[#This Row],[Delivery charge]] -> 326.6 | K52: United States | L52: 11 | M52: Extra 10% off with coupon | N52: evalueexpo | O52: 99.4% positive (127.9K) | P52: =Table1_4[[#This Row],[Total Price]]*Table1_4[[#This Row],[ Sold]] -> 3592.6
A53: eBay | B53: Apple iPhone 15 128GB Unlocked - Excellent | C53: iPhone 15 | D53: Free 2-Day Shipping - 1 Yr AllState Warranty - Cellfeee | E53: Excellent | F53: 5 | G53: 11 | H53: 411.99 | I53: 125.56 | J53: =Table1_4[[#This Row],[Price]]+Table1_4[[#This Row],[Delivery charge]] -> 537.55 | K53: United States | L53: 130 | M53: No Discount | N53: cellfeee | O53: 99.4% positive (184K) | P53: =Table1_4[[#This Row],[Total Price]]*Table1_4[[#This Row],[ Sold]] -> 69881.5
A54: eBay | B54: Apple iPhone 14 Pro Max A2651 128GB Unlocked - Very Good Refurbished | C54: iPhone 14 Pro Max | D54: No Warranty | E54: Very Good | F54: 4.5 | G54: 23 | H54: 441.99 | I54: 145.42 | J54: =Table1_4[[#This Row],[Price]]+Table1_4[[#This Row],[Delivery charge]] -> 587.41 | K54: United States | L54: 0 | M54: No Discount | N54: cellularstream | O54: 98.8% positive (173.8K) | P54: =Table1_4[[#This Row],[Total Price]]*Table1_4[[#This Row],[ Sold]] -> 0
A55: eBay | B55: Apple iPhone 14 128GB Factory Unlocked Smartphone Good (1-Year Warranty) | C55: iPhone 14 | D55: 1-Year Warranty🔵FREE RETURNS🟡U.S SELLER🔴 | E55: Good | F55: 5 | G55: 84 | H55: 254.99 | I55: 102.41 | J55: =Table1_4[[#This Row],[Price]]+Table1_4[[#This Row],[Delivery charge]] -> 357.4 | K55: United States | L55: 0 | M55: No Discount | N55: qualitycellz | O55: 100% positive (172K) | P55: =Table1_4[[#This Row],[Total Price]]*Table1_4[[#This Row],[ Sold]] -> 0
A56: eBay | B56: Apple iPhone 12 Pro, 128/256/512GB - Fully Unlocked - Refurbished Excellent | C56: iPhone 12 Pro | D56: No Warranty | E56: Excellent | F56: 4.5 | G56: 10 | H56: 289.99 | I56: 113.08 | J56: =Table1_4[[#This Row],[Price]]+Table1_4[[#This Row],[Delivery charge]] -> 403.07 | K56: United States | L56: 180 | M56: No Discount | N56: electronicdea1s | O56: 98.9% positive (34.9K) | P56: =Table1_4[[#This Row],[Total Price]]*Table1_4[[#This Row],[ Sold]] -> 72552.6
A57: eBay | B57: Apple iPhone 12 6.1" Factory Unlocked (Any Carrier) 64GB 128GB 256GB Very Good | C57: iPhone 12 | D57: No Warranty | E57: Very Good | F57: 4.5 | G57: 14 | H57: 209.99 | I57: 94.68 | J57: =Table1_4[[#This Row],[Price]]+Table1_4[[#This Row],[Delivery charge]] -> 304.67 | K57: United States | L57: 18 | M57: No Discount | N57: sigmacellular | O57: 98.9% positive (136K) | P57: =Table1_4[[#This Row],[Total Price]]*Table1_4[[#This Row],[ Sold]] -> 5484.06
A58: eBay | B58: Apple iPhone 12 64GB Unlocked Excellent Condition - All Colors | C58: iPhone 12 | D58: 12-MONTH WARRANTY • HAND TESTED • FREE SHIPPING | E58: Excellent | F58: 4.5 | G58: 89 | H58: 189.99 | I58: 87.46 | J58: =Table1_4[[#This Row],[Price]]+Table1_4[[#This Row],[Delivery charge]] -> 277.45 | K58: United States | L58: 213 | M58: No Discount | N58: itsworthmore | O58: 99.5% positive (149.3K) | P58: =Table1_4[[#This Row],[Total Price]]*Table1_4[[#This Row],[ Sold]] -> 59096.85
A59: eBay | B59: Apple iPhone 16 128GB Unlocked Excellent Condition - All Colors | C59: iPhone 16 | D59: 12-MONTH WARRANTY • HAND TESTED • FREE SHIPPING | E59: Excellent | F59: 5 | G59: 5 | H59: 599.99 | I59: 181.76 | J59: =Table1_4[[#This Row],[Price]]+Table1_4[[#This Row],[Delivery charge]] -> 781.75 | K59: United States | L59: 14 | M59: No Discount | N59: itsworthmore | O59: 99.5% positive (149.3K) | P59: =Table1_4[[#This Row],[Total Price]]*Table1_4[[#This Row],[ Sold]] -> 10944.5
A60: eBay | B60: Apple iPhone 13 Pro Max 128GB - Fully Unlocked - VERY GOOD Condition | C60: iPhone 13 Pro Max | D60: 1 YEAR WARRANTY🔥 FREE RETURNS🔥FREE 2 DAY SHIPPING | E60: Very Good | F60: 5 | G60: 29 | H60: 408 | I60: 137.6 | J60: =Table1_4[[#This Row],[Price]]+Table1_4[[#This Row],[Delivery charge]] -> 545.6 | K60: United States | L60: 433 | M60: $5 off every 2 items with coupon | N60: gadget-solutions | O60: 99.4% positive (21.8K) | P60: =Table1_4[[#This Row],[Total Price]]*Table1_4[[#This Row],[ Sold]] -> 236244.8
A61: eBay | B61: Apple iPhone 16 256GB Factory Unlocked AT&T T-Mobile Verizon Very Good Condition | C61: iPhone 16 | D61: FREE FEDEX 2 DAY - 60 DAY RETURNS - 1 YEAR WARRANTY | E61: Very Good | F61: 1 | G61: 1 | H61: 618.1 | I61: 188.54 | J61: =Table1_4[[#This Row],[Price]]+Table1_4[[#This Row],[Delivery charge]] -> 806.64 | K61: United States | L61: 323 | M61: $5 off 2+ with coupon | N61: supplytronics | O61: 99.6% positive (141.2K) | P61: =Table1_4[[#This Row],[Total Price]]*Table1_4[[#This Row],[ Sold]] -> 260544.72
A62: eBay | B62: Apple iPhone 13 Mini 256GB - Fully Unlocked - VERY GOOD Condition | C62: iPhone 13 Mini | D62: No Warranty | E62: Very Good | F62: 4.5 | G62: 6 | H62: 254.4 | I62: 102.27 | J62: =Table1_4[[#This Row],[Price]]+Table1_4[[#This Row],[Delivery charge]] -> 356.67 | K62: United States | L62: 2 | M62: $5 off every 2 items with coupon | N62: gadget-solutions | O62: 99.4% positive (21.8K) | P62: =Table1_4[[#This Row],[Total Price]]*Table1_4[[#This Row],[ Sold]] -> 713.34
A63: eBay | B63: Apple iPhone 16 128GB Factory Unlocked AT&T T-Mobile Verizon Very Good Condition | C63: iPhone 16 | D63: FREE FEDEX 2 DAY - 60 DAY RETURNS - 1 YEAR WARRANTY | E63: Very Good | H63: 565.55 | I63: 176.45 | J63: =Table1_4[[#This Row],[Price]]+Table1_4[[#This Row],[Delivery charge]] -> 742 | K63: United States | L63: 153 | M63: $5 off 2+ with coupon | N63: supplytronics | O63: 99.6% positive (141.2K) | P63: =Table1_4[[#This Row],[Total Price]]*Table1_4[[#This Row],[ Sold]] -> 113526
A64: eBay | B64: Apple iPhone 12 Pro - 256GB (A2341) Factory Unlocked - Excellent Condition | C64: iPhone 12 Pro | D64: Strong Battery Health ✔ Box & Charger ✔ All Carriers | E64: Excellent | F64: 4 | G64: 26 | H64: 299.99 | I64: 115.38 | J64: =Table1_4[[#This Row],[Price]]+Table1_4[[#This Row],[Delivery charge]] -> 415.37 | K64: United States | L64: 40 | M64: No Discount | N64: creo_cellular | O64: 99.3% positive (49.9K) | P64: =Table1_4[[#This Row],[Total Price]]*Table1_4[[#This Row],[ Sold]] -> 16614.8
A65: eBay | B65: Apple iPhone 12 128GB - Fully Unlocked - GOOD Condition | C65: iPhone 12 | D65: No Warranty | E65: Good | F65: 5 | G65: 10 | H65: 206.4 | I65: 91.23 | J65: =Table1_4[[#This Row],[Price]]+Table1_4[[#This Row],[Delivery charge]] -> 297.63 | K65: United States | L65: 0 | M65: $5 off every 2 items with coupon | N65: gadget-solutions | O65: 99.4% positive (21.8K) | P65: =Table1_4[[#This Row],[Total Price]]*Table1_4[[#This Row],[ Sold]] -> 0
A66: eBay | B66: Apple iPhone 14 128GB Unlocked - Very Good | C66: iPhone 14 | D66: FREE 2DAY SHIPPING-60DAY RETURNS-1YR ALLSTATE WARRANTY | E66: Very Good | F66: 5 | G66: 84 | H66: 287.95 | I66: 109.99 | J66: =Table1_4[[#This Row],[Price]]+Table1_4[[#This Row],[Delivery charge]] -> 397.94 | K66: United States | L66: 382 | M66: $10 off every 3 items | N66: bidallies | O66: 99.1% positive (367.6K) | P66: =Table1_4[[#This Row],[Total Price]]*Table1_4[[#This Row],[ Sold]] -> 152013.08
A67: eBay | B67: Apple iPhone 12 128GB Unlocked Good Condition - All Colors | C67: iPhone 12 | D67: 12-MONTH WARRANTY • HAND TESTED • FREE SHIPPING | E67: Good | F67: 4.5 | G67: 14 | H67: 189.99 | I67: 89.76 | J67: =Table1_4[[#This Row],[Price]]+Table1_4[[#This Row],[Delivery charge]] -> 279.75 | K67: United States | L67: 112 | M67: No Discount | N67: itsworthmore | O67: 99.5% positive (149.3K) | P67: =Table1_4[[#This Row],[Total Price]]*Table1_4[[#This Row],[ Sold]] -> 31332
A68: eBay | B68: Apple iPhone 13 A2482 Unlocked 128GB Starlight (Good) | C68: iPhone 13 | D68: No Warranty | E68: Good | F68: 4.5 | G68: 16 | H68: 238.99 | I68: 98.73 | J68: =Table1_4[[#This Row],[Price]]+Table1_4[[#This Row],[Delivery charge]] -> 337.72 | K68: United States | L68: 101 | M68: No Discount | N68: wireless-source | O68: 97.5% positive (19.7K) | P68: =Table1_4[[#This Row],[Total Price]]*Table1_4[[#This Row],[ Sold]] -> 34109.72
A69: eBay | B69: Apple iPhone 13 A2482 128GB - Fully Unlocked- Black & Blue - Very Good Condition | C69: iPhone 13 | D69: No Warranty | E69: Very Good | F69: 5 | G69: 53 | H69: 245 | I69: 100.11 | J69: =Table1_4[[#This Row],[Price]]+Table1_4[[#This Row],[Delivery charge]] -> 345.11 | K69: United States | L69: 327 | M69: No Discount | N69: electrapulse | O69: 99.6% positive (3.3K) | P69: =Table1_4[[#This Row],[Total Price]]*Table1_4[[#This Row],[ Sold]] -> 112850.97
A70: eBay | B70: Apple iPhone 12 Red 128GB Good - Refurbished - Unlocked | C70: iPhone 12 | D70: No Warranty | E70: Good | F70: 5 | G70: 10 | H70: 192.86 | I70: 88.12 | J70: =Table1_4[[#This Row],[Price]]+Table1_4[[#This Row],[Delivery charge]] -> 280.98 | K70: United States | L70: 22 | M70: No Discount | N70: verizon | O70: 99.5% positive (25.7K) | P70: =Table1_4[[#This Row],[Total Price]]*Table1_4[[#This Row],[ Sold]] -> 6181.56
A71: eBay | B71: Apple iPhone 15 Plus 256GB - Fully Unlocked - VERY GOOD Condition | C71: iPhone 15 Plus | D71: No Warranty | E71: Very Good | F71: 5 | G71: 3 | H71: 441.6 | I71: 145.33 | J71: =Table1_4[[#This Row],[Price]]+Table1_4[[#This Row],[Delivery charge]] -> 586.93 | K71: United States | L71: 57 | M71: $5 off every 2 items with coupon | N71: gadget-solutions | O71: 99.4% positive (21.8K) | P71: =Table1_4[[#This Row],[Total Price]]*Table1_4[[#This Row],[ Sold]] -> 33455.01
A72: eBay | B72: Apple iPhone 14 Plus A2632 Unlocked 128GB Midnight (Very Good) | C72: iPhone 14 Plus | D72: No Warranty | E72: Very Good | F72: 4.5 | G72: 25 | H72: 299.99 | I72: 112.76 | J72: =Table1_4[[#This Row],[Price]]+Table1_4[[#This Row],[Delivery charge]] -> 412.75 | K72: United States | L72: 63 | M72: No Discount | N72: wireless-source | O72: 97.5% positive (19.7K) | P72: =Table1_4[[#This Row],[Total Price]]*Table1_4[[#This Row],[ Sold]] -> 26003.25
A73: eBay | B73: Apple iPhone 13 Pro Max A2484 128GB Unlocked - Very Good Refurbished | C73: iPhone 13 Pro Max | D73: No Warranty | E73: Very Good | F73: 4.5 | G73: 18 | H73: 379.99 | I73: 133.78 | J73: =Table1_4[[#This Row],[Price]]+Table1_4[[#This Row],[Delivery charge]] -> 513.77 | K73: United States | L73: 6 | M73: No Discount | N73: cellularstream | O73: 98.8% positive (173.8K) | P73: =Table1_4[[#This Row],[Total Price]]*Table1_4[[#This Row],[ Sold]] -> 3082.62
A74: eBay | B74: Apple iPhone 13 256GB Unlocked - Excellent | C74: iPhone 13 | D74: FREE 2DAY SHIPPING-60DAY RETURNS-1YR ALLSTATE WARRANTY | E74: Excellent | F74: 4.5 | G74: 13 | H74: 285.95 | I74: 109.53 | J74: =Table1_4[[#This Row],[Price]]+Table1_4[[#This Row],[Delivery charge]] -> 395.48 | K74: United States | L74: 560 | M74: $10 off every 3 items | N74: bidallies | O74: 99.1% positive (367.6K) | P74: =Table1_4[[#This Row],[Total Price]]*Table1_4[[#This Row],[ Sold]] -> 221468.8
A75: eBay | B75: Apple iPhone 13 256GB Unlocked Fully Functional All Colors - Excellent Condition | C75: iPhone 13 | D75: 1-Year Warranty ✔ Best Price on eBay ✔ Free 2-Day Ship | E75: Excellent | H75: 319.99 | I75: 117.36 | J75: =Table1_4[[#This Row],[Price]]+Table1_4[[#This Row],[Delivery charge]] -> 437.35 | K75: United States | L75: 40 | M75: No Discount | N75: creo_cellular | O75: 99.3% positive (49.9K) | P75: =Table1_4[[#This Row],[Total Price]]*Table1_4[[#This Row],[ Sold]] -> 17494
A76: eBay | B76: Apple iPhone 12 mini - 64 GB - Blue (Unlocked) Smartphone - Very Good | C76: iPhone 12 Mini | D76: No Warranty | E76: Very Good | F76: 4.5 | G76: 45 | H76: 156.7 | I76: 82.42 | J76: =Table1_4[[#This Row],[Price]]+Table1_4[[#This Row],[Delivery charge]] -> 239.12 | K76: United States | L76: 0 | M76: $10 off 3+ with coupon | N76: tech-hobbies | O76: 99.7% positive (9.7K) | P76: =Table1_4[[#This Row],[Total Price]]*Table1_4[[#This Row],[ Sold]] -> 0
A77: eBay | B77: Apple iPhone 17 256GB E -SIM US Version - Unlocked - Excellent | C77: iPhone 17 | D77: No Warranty | E77: Excellent | H77: 758.39 | I77: 220.81 | J77: =Table1_4[[#This Row],[Price]]+Table1_4[[#This Row],[Delivery charge]] -> 979.2 | K77: United States | L77: 79 | M77: No Discount | N77: amazing-wireless | O77: 99.8% positive (163.2K) | P77: =Table1_4[[#This Row],[Total Price]]*Table1_4[[#This Row],[ Sold]] -> 77356.8
A78: eBay | B78: Apple iPhone 13 128/256/512GB Unlocked Good All Colors | C78: iPhone 13 | D78: No Warranty | E78: Good | F78: 5 | G78: 15 | H78: 232.91 | I78: 99.95 | J78: =Table1_4[[#This Row],[Price]]+Table1_4[[#This Row],[Delivery charge]] -> 332.86 | K78: United States | L78: 338 | M78: No Discount | N78: verizon | O78: 99.5% positive (25.7K) | P78: =Table1_4[[#This Row],[Total Price]]*Table1_4[[#This Row],[ Sold]] -> 112506.68
A79: eBay | B79: Apple iPhone 14 256GB Factory Unlocked AT&T T-Mobile Verizon Very Good Condition | C79: iPhone 14 | D79: FREE FEDEX 2 DAY - 60 DAY RETURNS - 1 YEAR WARRANTY | E79: Very Good | F79: 5 | G79: 6 | H79: 318.29 | I79: 119.59 | J79: =Table1_4[[#This Row],[Price]]+Table1_4[[#This Row],[Delivery charge]] -> 437.88 | K79: United States | L79: 284 | M79: $5 off 2+ with coupon | N79: supplytronics | O79: 99.6% positive (141.2K) | P79: =Table1_4[[#This Row],[Total Price]]*Table1_4[[#This Row],[ Sold]] -> 124357.92
A80: eBay | B80: Apple iPhone 12 - 64GB 128GB 256GB - All Colors - Good Condition | C80: iPhone 12 | D80: No Warranty | E80: Good | F80: 4.5 | G80: 89 | H80: 156 | I80: 83.78 | J80: =Table1_4[[#This Row],[Price]]+Table1_4[[#This Row],[Delivery charge]] -> 239.78 | K80: United States | L80: 444 | M80: No Discount | N80: buybackboss | O80: 99.6% positive (33.8K) | P80: =Table1_4[[#This Row],[Total Price]]*Table1_4[[#This Row],[ Sold]] -> 106462.32
A81: eBay | B81: Apple iPhone 12 Green 128GB Good - Refurbished - Unlocked | C81: iPhone 12 | D81: No Warranty | E81: Good | F81: 4.5 | G81: 17 | H81: 193 | I81: 88.15 | J81: =Table1_4[[#This Row],[Price]]+Table1_4[[#This Row],[Delivery charge]] -> 281.15 | K81: United States | L81: 68 | M81: No Discount | N81: verizon | O81: 99.5% positive (25.7K) | P81: =Table1_4[[#This Row],[Total Price]]*Table1_4[[#This Row],[ Sold]] -> 19118.2
A82: eBay | B82: Apple iPhone 14 Plus A2632 128GB Unlocked - Good Refurbished | C82: iPhone 14 Plus | D82: No Warranty | E82: Good | F82: 4.5 | G82: 25 | H82: 285.99 | I82: 109.54 | J82: =Table1_4[[#This Row],[Price]]+Table1_4[[#This Row],[Delivery charge]] -> 395.53 | K82: United States | L82: 0 | M82: No Discount | N82: cellularstream | O82: 98.8% positive (173.8K) | P82: =Table1_4[[#This Row],[Total Price]]*Table1_4[[#This Row],[ Sold]] -> 0
A83: eBay | B83: Apple iPhone 12 Mini 5.4" Factory Unlocked (Any Carrier) 64GB 128GB 256GB Good | C83: iPhone 12 Mini | D83: No Warranty | E83: Good | F83: 5 | G83: 31 | H83: 141.99 | I83: 83.41 | J83: =Table1_4[[#This Row],[Price]]+Table1_4[[#This Row],[Delivery charge]] -> 225.4 | K83: United States | L83: 39 | M83: No Discount | N83: sami809 | O83: 99.1% positive (268.9K) | P83: =Table1_4[[#This Row],[Total Price]]*Table1_4[[#This Row],[ Sold]] -> 8790.6
A84: eBay | B84: Apple iPhone 15 Pro 256GB Unlocked - Excellent | C84: iPhone 15 Pro | D84: Free 2-Day Shipping - 1 Yr AllState Warranty - Cellfeee | E84: Excellent | F84: 5 | G84: 10 | H84: 534.99 | I84: 153.85 | J84: =Table1_4[[#This Row],[Price]]+Table1_4[[#This Row],[Delivery charge]] -> 688.84 | K84: United States | L84: 2 | M84: No Discount | N84: cellfeee | O84: 99.4% positive (184K) | P84: =Table1_4[[#This Row],[Total Price]]*Table1_4[[#This Row],[ Sold]] -> 1377.68
A85: eBay | B85: Apple iPhone 13 A2482 (Fully Unlocked) 128GB Black (Excellent) | C85: iPhone 13 | D85: No Warranty | E85: Excellent | F85: 4.5 | G85: 108 | H85: 256.99 | I85: 102.87 | J85: =Table1_4[[#This Row],[Price]]+Table1_4[[#This Row],[Delivery charge]] -> 359.86 | K85: United States | L85: 270 | M85: No Discount | N85: wireless-source | O85: 97.5% positive (19.7K) | P85: =Table1_4[[#This Row],[Total Price]]*Table1_4[[#This Row],[ Sold]] -> 97162.2
A86: eBay | B86: Apple iPhone 15 Pro 128GB Unlocked - Excellent | C86: iPhone 15 Pro | D86: Free 2-Day Shipping - 1 Yr AllState Warranty - Cellfeee | E86: Excellent | F86: 4.5 | G86: 17 | H86: 496.99 | I86: 145.11 | J86: =Table1_4[[#This Row],[Price]]+Table1_4[[#This Row],[Delivery charge]] -> 642.1 | K86: United States | L86: 59 | M86: No Discount | N86: cellfeee | O86: 99.4% positive (184K) | P86: =Table1_4[[#This Row],[Total Price]]*Table1_4[[#This Row],[ Sold]] -> 37883.9
A87: eBay | B87: Apple iPhone 12 - 5G - 64GB Factory Unlocked GSM + CDMA - EXCELLENT | C87: iPhone 12 | D87: 1 YEAR WARRANTY - FREE RETURN- FREE SHIPPING - UNLOCKED | E87: Excellent | F87: 4.5 | G87: 89 | H87: 169.48 | I87: 74.39 | J87: =Table1_4[[#This Row],[Price]]+Table1_4[[#This Row],[Delivery charge]] -> 243.87 | K87: United States | L87: 584 | M87: No Discount | N87: everythingforlesss | O87: 99.8% positive (85.9K) | P87: =Table1_4[[#This Row],[Total Price]]*Table1_4[[#This Row],[ Sold]] -> 142420.08
A88: eBay | B88: Apple iPhone 14 128GB Unlocked - Excellent | C88: iPhone 14 | D88: FREE 2DAY SHIPPING-60DAY RETURNS-1YR ALLSTATE WARRANTY | E88: Excellent | F88: 5 | G88: 84 | H88: 291.95 | I88: 110.91 | J88: =Table1_4[[#This Row],[Price]]+Table1_4[[#This Row],[Delivery charge]] -> 402.86 | K88: United States | L88: 1581 | M88: $10 off every 3 items | N88: bidallies | O88: 99.1% positive (367.6K) | P88: =Table1_4[[#This Row],[Total Price]]*Table1_4[[#This Row],[ Sold]] -> 636921.66
A89: eBay | B89: Apple iPhone 13 Mini A2481 256GB Unlocked Very Good Refurbished | C89: iPhone 13 Mini | D89: No Warranty | E89: Very Good | F89: 5 | G89: 12 | H89: 256.69 | I89: 105.42 | J89: =Table1_4[[#This Row],[Price]]+Table1_4[[#This Row],[Delivery charge]] -> 362.11 | K89: United States | L89: 0 | M89: No Discount | N89: mobiwise | O89: 99.1% positive (8.6K) | P89: =Table1_4[[#This Row],[Total Price]]*Table1_4[[#This Row],[ Sold]] -> 0
... A92: eBay | B92: Apple iPhone 12 Pro - 128 GB - Graphite (Unlocked) Smartphone - Very Good | C92: iPhone 12 Pro | D92: No Warranty | E92: Very Good | F92: 4 | G92: 26 | H92: 256.45 | I92: 102.74 | J92: =Table1_4[[#This Row],[Price]]+Table1_4[[#This Row],[Delivery charge]] -> 359.19 | K92: United States | L92: 15 | M92: $10 off 3+ with coupon | N92: tech-hobbies | O92: 99.7% positive (9.7K) | P92: =Table1_4[[#This Row],[Total Price]]*Table1_4[[#This Row],[ Sold]] -> 5387.85
A93: eBay | B93: Apple iPhone 17 US Version 256GB Black - Unlocked - Excellent | C93: iPhone 17 | D93: No Warranty | E93: Excellent | H93: 799.99 | I93: 227.76 | J93: =Table1_4[[#This Row],[Price]]+Table1_4[[#This Row],[Delivery charge]] -> 1027.75 | K93: United States | L93: 26 | M93: No Discount | N93: amazing-wireless | O93: 99.8% positive (163.2K) | P93: =Table1_4[[#This Row],[Total Price]]*Table1_4[[#This Row],[ Sold]] -> 26721.5
A94: eBay | B94: Apple iPhone 13 128GB Unlocked Very Good Condition - All Colors | C94: iPhone 13 | D94: 12-MONTH WARRANTY • HAND TESTED • FREE SHIPPING | E94: Very Good | F94: 4.5 | G94: 108 | H94: 239.99 | I94: 98.96 | J94: =Table1_4[[#This Row],[Price]]+Table1_4[[#This Row],[Delivery charge]] -> 338.95 | K94: United States | L94: 301 | M94: No Discount | N94: itsworthmore | O94: 99.5% positive (149.3K) | P94: =Table1_4[[#This Row],[Total Price]]*Table1_4[[#This Row],[ Sold]] -> 102023.95
A95: eBay | B95: iPhone 12 64GB Unlocked Excellent All Colors | C95: iPhone 12 | D95: No Warranty | E95: Excellent | H95: 187.76 | I95: 86.94 | J95: =Table1_4[[#This Row],[Price]]+Table1_4[[#This Row],[Delivery charge]] -> 274.7 | K95: United States | L95: 21 | M95: No Discount | N95: verizon | O95: 99.5% positive (25.7K) | P95: =Table1_4[[#This Row],[Total Price]]*Table1_4[[#This Row],[ Sold]] -> 5768.7
A96: eBay | B96: Apple iPhone 14 A2649 (Fully Unlocked) 128GB Midnight (Very Good) | C96: iPhone 14 | D96: No Warranty | E96: Very Good | F96: 5 | G96: 84 | H96: 294.99 | I96: 111.61 | J96: =Table1_4[[#This Row],[Price]]+Table1_4[[#This Row],[Delivery charge]] -> 406.6 | K96: United States | L96: 583 | M96: No Discount | N96: wireless-source | O96: 97.5% positive (19.7K) | P96: =Table1_4[[#This Row],[Total Price]]*Table1_4[[#This Row],[ Sold]] -> 237047.8
A97: eBay | B97: Apple iPhone 13 Mini, 128/256/512GB - Unlocked - Refurbished Excellent | C97: iPhone 13 Mini | D97: No Warranty | E97: Excellent | F97: 4.5 | G97: 30 | H97: 264.99 | I97: 104.71 | J97: =Table1_4[[#This Row],[Price]]+Table1_4[[#This Row],[Delivery charge]] -> 369.7 | K97: United States | L97: 214 | M97: No Discount | N97: electronicdea1s | O97: 98.9% positive (34.9K) | P97: =Table1_4[[#This Row],[Total Price]]*Table1_4[[#This Row],[ Sold]] -> 79115.8
A98: eBay | B98: Apple iPhone 13 A2482 Unlocked 128GB Starlight (Very Good) | C98: iPhone 13 | D98: No Warranty | E98: Very Good | F98: 4.5 | G98: 16 | H98: 247.99 | I98: 100.8 | J98: =Table1_4[[#This Row],[Price]]+Table1_4[[#This Row],[Delivery charge]] -> 348.79 | K98: United States | L98: 78 | M98: No Discount | N98: wireless-source | O98: 97.5% positive (19.7K) | P98: =Table1_4[[#This Row],[Total Price]]*Table1_4[[#This Row],[ Sold]] -> 27205.62
A99: eBay | B99: Apple iPhone 13 128GB Unlocked - Very Good | C99: iPhone 13 | D99: Free 2-Day Shipping - 1 Yr AllState Warranty - Cellfeee | E99: Very Good | F99: 4.5 | G99: 108 | H99: 243.99 | I99: 86.92 | J99: =Table1_4[[#This Row],[Price]]+Table1_4[[#This Row],[Delivery charge]] -> 330.91 | K99: United States | L99: 641 | M99: No Discount | N99: cellfeee | O99: 99.4% positive (184K) | P99: =Table1_4[[#This Row],[Total Price]]*Table1_4[[#This Row],[ Sold]] -> 212113.31
A100: eBay | B100: Apple iPhone 14 PRO MAX 512GB - Fully Unlocked - VERY GOOD Condition | C100: iPhone 14 Pro Max | D100: No Warranty | E100: Very Good | F100: 4.5 | G100: 19 | H100: 518.4 | I100: 162.99 | J100: =Table1_4[[#This Row],[Price]]+Table1_4[[#This Row],[Delivery charge]] -> 681.39 | K100: United States | L100: 45 | M100: $5 off every 2 items with coupon | N100: gadget-solutions | O100: 99.4% positive (21.8K) | P100: =Table1_4[[#This Row],[Total Price]]*Table1_4[[#This Row],[ Sold]] -> 30662.55
A101: eBay | B101: Apple iPhone 12 Pro Max, 128/256/512GB - Unlocked - Refurbished Excellent | C101: iPhone 12 Pro Max | D101: No Warranty | E101: Excellent | F101: 3.5 | G101: 11 | H101: 349.99 | I101: 126.88 | J101: =Table1_4[[#This Row],[Price]]+Table1_4[[#This Row],[Delivery charge]] -> 476.87 | K101: United States | L101: 67 | M101: No Discount | N101: electronicdea1s | O101: 98.9% positive (34.9K) | P101: =Table1_4[[#This Row],[Total Price]]*Table1_4[[#This Row],[ Sold]] -> 31950.29
A102: eBay | B102: Apple iPhone 13 - 128GB 256GB 512GB - All Colors - Good Condition | C102: iPhone 13 | D102: No Warranty | E102: Good | F102: 5 | G102: 15 | H102: 259 | I102: 103.33 | J102: =Table1_4[[#This Row],[Price]]+Table1_4[[#This Row],[Delivery charge]] -> 362.33 | K102: United States | L102: 69 | M102: No Discount | N102: buybackboss | O102: 99.6% positive (33.8K) | P102: =Table1_4[[#This Row],[Total Price]]*Table1_4[[#This Row],[ Sold]] -> 25000.77
...

Sheet Ecommerce iphone resale
A1: Platform | B1: Model | C1: Model_family | D1: Generation_number | E1: is_pro | F1: Storage_options_gb | G1: Storage_gb_numeric | H1: Condition | I1: Price | J1: WasPrice | K1: Price_Discount_pct | L1: Available | M1: Sold | N1: Seller | O1: itemLocation | P1: City | Q1: US_States | R1: Country | S1: lastUpdated | T1: Month | U1: Year | V1: Revenue
A2: Kaggle | B2: Apple iPhone 14 Pro MAX 128GB FULLY Unlocked | C2: iPhone 14 Pro Max | D2: 14 | E2: TRUE | F2: 128GB | G2: 128 | H2: Used | I2: 726.99 | K2: No Discount | L2: 3 | M2: 0 | N2: Seller 019 | O2: Granada Hills, California, United States | P2: Granada Hills | Q2: California | R2: United States | S2: 46003 | T2: =TEXT(S2,"mmm") -> Dec | U2: 2025 | V2: 0
A3: Kaggle | B3: Apple iPhone 14 Pro MAX 512gb Deep purple (Factory Unlocked) | C3: iPhone 14 Pro Max | D3: 14 | E3: TRUE | F3: 512GB | G3: 512 | H3: Used | I3: 659.99 | K3: No Discount | L3: 2 | M3: 0 | N3: Seller 019 | O3: Granada Hills, California, United States | P3: Granada Hills | Q3: California | R3: United States | S3: 46091 | T3: =TEXT(S3,"mmm") -> Mar | U3: 2026 | V3: 0
A4: Kaggle | B4: Apple iPhone 14 Pro MAX 1 TB Deep purple (Factory Unlocked) | C4: iPhone 14 Pro Max | D4: 14 | E4: TRUE | F4: 1024GB | G4: 1024 | H4: Used | I4: 628.99 | K4: No Discount | L4: 0 | M4: 1 | N4: Seller 019 | O4: Granada Hills, California, United States | P4: Granada Hills | Q4: California | R4: United States | S4: 46065 | T4: =TEXT(S4,"mmm") -> Feb | U4: 2026 | V4: 628.99
A5: Kaggle | B5: Apple iPhone 14 Pro MAX 128gb GOLD (Factory Unlocked) | C5: iPhone 14 Pro Max | D5: 14 | E5: TRUE | F5: 128GB | G5: 128 | H5: Used | I5: 726.99 | K5: No Discount | L5: 2 | M5: 0 | N5: Seller 019 | O5: Granada Hills, California, United States | P5: Granada Hills | Q5: California | R5: United States | S5: 46003 | T5: =TEXT(S5,"mmm") -> Dec | U5: 2025 | V5: 0
A6: Kaggle | B6: Apple iPhone 14 Pro Max - 128 GB - ALL COLORS (Unlocked)- Very Good Refurb | C6: iPhone 14 Pro Max | D6: 14 | E6: TRUE | F6: 128GB | G6: 128 | H6: Very Good | I6: 469.99 | K6: No Discount | L6: 5 | M6: 2 | N6: Seller 063 | O6: Stafford, Texas, United States | P6: Stafford | Q6: Texas | R6: United States | S6: 46019 | T6: =TEXT(S6,"mmm") -> Dec | U6: 2025 | V6: 939.98
A7: Kaggle | B7: open box Apple iPhone 14 Pro MAX 256GB FULLY Unlocked | C7: iPhone 14 Pro Max | D7: 14 | E7: TRUE | F7: 256GB | G7: 256 | H7: Open Box | I7: 729.99 | K7: No Discount | L7: 0 | M7: 2 | N7: Seller 019 | O7: Granada Hills, California, United States | P7: Granada Hills | Q7: California | R7: United States | S7: 46003 | T7: =TEXT(S7,"mmm") -> Dec | U7: 2025 | V7: 1459.98
A8: Kaggle | B8: Apple iPhone 14+ plus 128gb BLACK color Factory Unlocked 1year ex warranty | C8: iPhone 14 | D8: 14 | E8: FALSE | F8: 128GB | G8: 128 | H8: Used | I8: 365.99 | K8: No Discount | L8: 2 | M8: 0 | N8: Seller 019 | O8: Granada Hills, California, United States | P8: Granada Hills | Q8: California | R8: United States | S8: 46067 | T8: =TEXT(S8,"mmm") -> Feb | U8: 2026 | V8: 0
A9: Kaggle | B9: Apple iPhone 14 -5G - 512GB Factory Unlocked GSM + CDMA - EXCELLENT | C9: iPhone 14 | D9: 14 | E9: FALSE | F9: 512GB | G9: 512 | H9: Excellent | I9: 397.48 | K9: No Discount | L9: 9 | M9: 30 | N9: Seller 064 | O9: Southfield, Michigan, United States | P9: Southfield | Q9: Michigan | R9: United States | S9: 46086 | T9: =TEXT(S9,"mmm") -> Mar | U9: 2026 | V9: 11924.4
A10: Kaggle | B10: open box Apple iPhone 14+ plus 128gb RED color Factory Unlocked | C10: iPhone 14 | D10: 14 | E10: FALSE | F10: 128GB | G10: 128 | H10: Open Box | I10: 399.99 | K10: No Discount | L10: 2 | M10: 0 | N10: Seller 019 | O10: Granada Hills, California, United States | P10: Granada Hills | Q10: California | R10: United States | S10: 46019 | T10: =TEXT(S10,"mmm") -> Dec | U10: 2025 | V10: 0
A11: Kaggle | B11: open box Apple iPhone 14 128gb RED color Factory Unlocked | C11: iPhone 14 | D11: 14 | E11: FALSE | F11: 128GB | G11: 128 | H11: Open Box | I11: 339.99 | K11: No Discount | L11: 5 | M11: 0 | N11: Seller 019 | O11: Granada Hills, California, United States | P11: Granada Hills | Q11: California | R11: United States | S11: 46042 | T11: =TEXT(S11,"mmm") -> Jan | U11: 2026 | V11: 0
A12: Kaggle | B12: OPEN BOX Apple iPhone 17 A3258 256GB 512GB BLACK SAGE LAVENDER BLUE (Unlocked) | C12: iPhone 17 | D12: 17 | E12: FALSE | F12: 256GB|512GB | G12: 256 | H12: Open Box | I12: 779 | K12: No Discount | L12: 0 | M12: 48 | N12: Seller 038 | O12: Dallas, Texas, United States | P12: Dallas | Q12: Texas | R12: United States | S12: 46101 | T12: =TEXT(S12,"mmm") -> Mar | U12: 2026 | V12: 37392
A13: Kaggle | B13: open box Apple iPhone 13 128GB Black color Unlocked battery | C13: iPhone 13 | D13: 13 | E13: FALSE | F13: 128GB | G13: 128 | H13: Open Box | I13: 321.99 | K13: No Discount | L13: 2 | M13: 0 | N13: Seller 019 | O13: Granada Hills, California, United States | P13: Granada Hills | Q13: California | R13: United States | S13: 46038 | T13: =TEXT(S13,"mmm") -> Jan | U13: 2026 | V13: 0
A14: Kaggle | B14: Apple iPhone 13 128GB Unlocked FACTORY UNLOCKED - EXCELLENT | C14: iPhone 13 | D14: 13 | E14: FALSE | F14: 128GB | G14: 128 | H14: Excellent | I14: 249.48 | K14: No Discount | L14: 0 | M14: 121 | N14: Seller 064 | O14: Southfield, Michigan, United States | P14: Southfield | Q14: Michigan | R14: United States | S14: 46103 | T14: =TEXT(S14,"mmm") -> Mar | U14: 2026 | V14: 30187.08
A15: Kaggle | B15: Apple iPhone 12 128GB Unlocked MODEL A2172 Blue color open box | C15: iPhone 12 | D15: 12 | E15: FALSE | F15: 128GB | G15: 128 | H15: Open Box | I15: 238.99 | K15: No Discount | L15: 1 | M15: 0 | N15: Seller 019 | O15: Granada Hills, California, United States | P15: Granada Hills | Q15: California | R15: United States | V15: 0
A16: Kaggle | B16: Apple iPhone 12 128GB Unlocked MODEL A2172 Blue color | C16: iPhone 12 | D16: 12 | E16: FALSE | F16: 128GB | G16: 128 | H16: Open Box | I16: 231.99 | K16: No Discount | L16: 1 | M16: 0 | N16: Seller 019 | O16: Granada Hills, California, United States | P16: Granada Hills | Q16: California | R16: United States | V16: 0
A17: Kaggle | B17: open box Apple iPhone 17 pro max 512GB Unlocked Deep Blue | C17: iPhone 17 Pro Max | D17: 17 | E17: TRUE | F17: 512GB | G17: 512 | H17: Open Box | I17: 1441.99 | K17: No Discount | L17: 1 | M17: 0 | N17: Seller 019 | O17: Granada Hills, California, United States | P17: Granada Hills | Q17: California | R17: United States | S17: 46106 | T17: =TEXT(S17,"mmm") -> Mar | U17: 2026 | V17: 0
A18: Kaggle | B18: open box Apple iPhone 13 128GB Blue Unlocked 1 year ex warranty | C18: iPhone 13 | D18: 13 | E18: FALSE | F18: 128GB | G18: 128 | H18: Open Box | I18: 329.99 | K18: No Discount | L18: 0 | M18: 1 | N18: Seller 019 | O18: Granada Hills, California, United States | P18: Granada Hills | Q18: California | R18: United States | V18: 329.99
A19: Kaggle | B19: NEW open box Apple iPhone 17 pro max 512GB Unlocked all colors | C19: iPhone 17 Pro Max | D19: 17 | E19: TRUE | F19: 512GB | G19: 512 | H19: Open Box | I19: 1444.99 | K19: No Discount | L19: 0 | M19: 1 | N19: Seller 019 | O19: Granada Hills, California, United States | P19: Granada Hills | Q19: California | R19: United States | S19: 46107 | T19: =TEXT(S19,"mmm") -> Mar | U19: 2026 | V19: 1444.99
A20: Kaggle | B20: Apple iPhone 12 64GB 128GB 256GB - Unlocked - All Colors - GOOD CONDITION | C20: iPhone 12 | D20: 12 | E20: FALSE | F20: 64GB|128GB|256GB | G20: 64 | H20: Good | I20: 135.99 | K20: No Discount | L20: 2 | M20: 481 | N20: Seller 109 | O20: Bolton, United Kingdom | P20: Bolton | R20: United Kingdom | S20: 46106 | T20: =TEXT(S20,"mmm") -> Mar | U20: 2026 | V20: 65411.19
A21: Kaggle | B21: Apple iPhone 14 Pro Max 256GB/512GB/1TB -Deep Purple UNLOCKED | C21: iPhone 14 Pro Max | D21: 14 | E21: TRUE | F21: 256GB|512GB|1024GB | G21: 256 | H21: Open Box | I21: 1119.2 | J21: 1399 | K21: 20 | L21: 0 | M21: 85 | N21: Seller 082 | O21: Washington, District Of Columbia, United States | P21: Washington | Q21: District Of Columbia | R21: United States | S21: 46042 | T21: =TEXT(S21,"mmm") -> Jan | U21: 2026 | V21: 95132
A22: Kaggle | B22: Brand new factory sealed Apple iPhone 14 Pro Max - 256GB - Gold (Unlocked) | C22: iPhone 14 Pro Max | D22: 14 | E22: TRUE | F22: 256GB | G22: 256 | H22: New | I22: 1406.5 | K22: No Discount | L22: 0 | M22: 2 | N22: Seller 638 | O22: Atlanta, Georgia, United States | P22: Atlanta | Q22: Georgia | R22: United States | S22: 45035 | T22: =TEXT(S22,"mmm") -> Apr | U22: 2023 | V22: 2813
A23: Kaggle | B23: Lot of 10 Apple iPhone 12 Unlocked 64gb Mixed Colors | C23: iPhone 12 | D23: 12 | E23: FALSE | F23: 64GB | G23: 64 | H23: Used | I23: 2110 | K23: No Discount | L23: 0 | M23: 2 | N23: Seller 332 | O23: Winter Garden, Florida, United States | P23: Winter Garden | Q23: Florida | R23: United States | S23: 46082 | T23: =TEXT(S23,"mmm") -> Mar | U23: 2026 | V23: 4220
A24: Kaggle | B24: Apple iPhone 14 Pro MAX 256GB FULLY Unlocked | C24: iPhone 14 Pro Max | D24: 14 | E24: TRUE | F24: 256GB | G24: 256 | H24: Used | I24: 669.99 | K24: No Discount | L24: 0 | M24: 3 | N24: Seller 019 | O24: Granada Hills, California, United States | P24: Granada Hills | Q24: California | R24: United States | S24: 46003 | T24: =TEXT(S24,"mmm") -> Dec | U24: 2025 | V24: 2009.97
A25: Kaggle | B25: Apple iPhone 12 Pro MAX 128gb Factory Unlocked 1 year ex warranty Graphite color | C25: iPhone 12 Pro Max | D25: 12 | E25: TRUE | F25: 128GB | G25: 128 | H25: Used | I25: 436.99 | K25: No Discount | L25: 2 | M25: 0 | N25: Seller 019 | O25: Granada Hills, California, United States | P25: Granada Hills | Q25: California | R25: United States | S25: 46003 | T25: =TEXT(S25,"mmm") -> Dec | U25: 2025 | V25: 0
A26: Kaggle | B26: Apple iPhone 14 Pro MAX 512gb black color (Factory Unlocked) | C26: iPhone 14 Pro Max | D26: 14 | E26: TRUE | F26: 512GB | G26: 512 | H26: Used | I26: 659.99 | K26: No Discount | L26: 2 | M26: 0 | N26: Seller 019 | O26: Granada Hills, California, United States | P26: Granada Hills | Q26: California | R26: United States | S26: 46091 | T26: =TEXT(S26,"mmm") -> Mar | U26: 2026 | V26: 0
A27: Kaggle | B27: open box Apple iPhone 14 Pro MAX 128gb Deep purple Factory Unlocked | C27: iPhone 14 Pro Max | D27: 14 | E27: TRUE | F27: 128GB | G27: 128 | H27: Open Box | I27: 734.99 | K27: No Discount | L27: 2 | M27: 0 | N27: Seller 019 | O27: Granada Hills, California, United States | P27: Granada Hills | Q27: California | R27: United States | S27: 46003 | T27: =TEXT(S27,"mmm") -> Dec | U27: 2025 | V27: 0
A28: Kaggle | B28: Apple iPhone 14 128gb white color Factory Unlocked | C28: iPhone 14 | D28: 14 | E28: FALSE | F28: 128GB | G28: 128 | H28: Used | I28: 329.99 | K28: No Discount | L28: 2 | M28: 1 | N28: Seller 019 | O28: Granada Hills, California, United States | P28: Granada Hills | Q28: California | R28: United States | S28: 46024 | T28: =TEXT(S28,"mmm") -> Jan | U28: 2026 | V28: 329.99
A29: Kaggle | B29: Apple iPhone 14 - 128GB fully Unlocked open box | C29: iPhone 14 | D29: 14 | E29: FALSE | F29: 128GB | G29: 128 | H29: Open Box | I29: 338.99 | K29: No Discount | L29: 4 | M29: 0 | N29: Seller 019 | O29: Granada Hills, California, United States | P29: Granada Hills | Q29: California | R29: United States | S29: 46067 | T29: =TEXT(S29,"mmm") -> Feb | U29: 2026 | V29: 0
A30: Kaggle | B30: Apple iPhone 14 A2649 iOS Smartphone 128GB/ 256GB-UNLOCKED/AT&T/T-Mobile/Verizon | C30: iPhone 14 | D30: 14 | E30: FALSE | F30: 128GB|256GB | G30: 128 | H30: Excellent | I30: 349.99 | K30: No Discount | L30: 0 | M30: 7 | N30: Seller 186 | O30: Chicago, Illinois, United States | P30: Chicago | Q30: Illinois | R30: United States | S30: 45989 | T30: =TEXT(S30,"mmm") -> Nov | U30: 2025 | V30: 2449.93
A31: Kaggle | B31: New Sealed Apple iPhone 14 Pro Max/13 ProMax/SE 3rd/14/13/13 Mini/12 Mini 5G LOT | C31: iPhone 14 Pro Max | D31: 14 | E31: TRUE | F31: 128GB | G31: 128 | H31: New | I31: 314.11 | K31: No Discount | L31: 0 | M31: 1 | N31: Seller 291 | O31: Whippany, New Jersey, United States | P31: Whippany | Q31: New Jersey | R31: United States | S31: 46109 | T31: =TEXT(S31,"mmm") -> Mar | U31: 2026 | V31: 314.11
A32: Kaggle | B32: Apple iPhone 15 256GB Factory Unlocked CDMA + GSM - Excellent | C32: iPhone 15 | D32: 15 | E32: FALSE | F32: 256GB | G32: 256 | H32: Excellent | I32: 419.48 | K32: No Discount | L32: 5 | M32: 85 | N32: Seller 064 | O32: Southfield, Michigan, United States | P32: Southfield | Q32: Michigan | R32: United States | S32: 46109 | T32: =TEXT(S32,"mmm") -> Mar | U32: 2026 | V32: 35655.8
A33: Kaggle | B33: 💯New Sealed Apple iPhone 13 MINI A2481 128GB /256GB Factory Unlocked Smartphone | C33: iPhone 13 Mini | D33: 13 | E33: FALSE | F33: 128GB|256GB | G33: 128 | H33: New | I33: 321.88 | K33: No Discount | L33: 2 | M33: 5 | N33: Seller 291 | O33: Whippany, New Jersey, United States | P33: Whippany | Q33: New Jersey | R33: United States | S33: 46109 | T33: =TEXT(S33,"mmm") -> Mar | U33: 2026 | V33: 1609.4
... A35: Kaggle | B35: New Apple iPhone 13/14/12 Mini/13 Mini /14 Pro Max/SE 3rd Unlocked 2yr-wty LOT | C35: iPhone 13 | D35: 13 | E35: FALSE | F35: 128GB | G35: 128 | H35: New | I35: 314.11 | K35: No Discount | L35: 0 | M35: 2 | N35: Seller 291 | O35: Brooklyn, New York, United States | P35: Brooklyn | Q35: New York | R35: United States | S35: 46109 | T35: =TEXT(S35,"mmm") -> Mar | U35: 2026 | V35: 628.22
A36: Kaggle | B36: New Sealed Unlocked Apple iPhone 17 Pro Max 6.9-inch A3257 Deep Blue 2TB | C36: iPhone 17 Pro Max | D36: 17 | E36: TRUE | F36: 2048GB | G36: 2048 | H36: New | I36: 2559.96 | J36: 3199.95 | K36: 20 | L36: 0 | M36: 1 | N36: Seller 082 | O36: Fairfax, Virginia, United States | P36: Fairfax | Q36: Virginia | R36: United States | S36: 46064 | T36: =TEXT(S36,"mmm") -> Feb | U36: 2026 | V36: 2559.96
A37: Kaggle | B37: Apple iPhone 14+ plus 128GB A2632 Unlocked open box | C37: iPhone 14 | D37: 14 | E37: FALSE | F37: 128GB | G37: 128 | H37: Open Box | I37: 394.99 | K37: No Discount | L37: 1 | M37: 0 | N37: Seller 019 | O37: Granada Hills, California, United States | P37: Granada Hills | Q37: California | R37: United States | S37: 46067 | T37: =TEXT(S37,"mmm") -> Feb | U37: 2026 | V37: 0
A38: Kaggle | B38: Apple iPhone 14 Pro Max, 128/256GB - Grade B - All Colors | C38: iPhone 14 Pro Max | D38: 14 | E38: TRUE | F38: 256GB | G38: 256 | H38: Used | I38: 379.87 | K38: No Discount | L38: 1 | M38: 0 | N38: Seller 099 | O38: Scottsdale, Arizona, United States | P38: Scottsdale | Q38: Arizona | R38: United States | S38: 46045 | T38: =TEXT(S38,"mmm") -> Jan | U38: 2026 | V38: 0
A39: Kaggle | B39: Apple iPhone 14 Pro Max, 128/256GB - Grade B+ All Colors ✅ Ships Today! | C39: iPhone 14 Pro Max | D39: 14 | E39: TRUE | F39: 256GB | G39: 256 | H39: Used | I39: 589.99 | K39: No Discount | L39: 1 | M39: 0 | N39: Seller 099 | O39: Scottsdale, Arizona, United States | P39: Scottsdale | Q39: Arizona | R39: United States | S39: 46045 | T39: =TEXT(S39,"mmm") -> Jan | U39: 2026 | V39: 0
A40: Kaggle | B40: Apple iPhone 14 Pro Max, 128/256GB - Grade A- All Colors ✅ Ships Today! | C40: iPhone 14 Pro Max | D40: 14 | E40: TRUE | F40: 256GB | G40: 256 | H40: Used | I40: 649.99 | K40: No Discount | L40: 1 | M40: 0 | N40: Seller 099 | O40: Scottsdale, Arizona, United States | P40: Scottsdale | Q40: Arizona | R40: United States | S40: 46045 | T40: =TEXT(S40,"mmm") -> Jan | U40: 2026 | V40: 0
A41: Kaggle | B41: Apple iPhone 14, iPhone 14 Plus, 128GB/256GB, Grade A, All Colors, Ships Today! | C41: iPhone 14 Plus | D41: 14 | E41: FALSE | F41: 128GB|256GB | G41: 128 | H41: Used | I41: 409.87 | K41: No Discount | L41: 1 | M41: 0 | N41: Seller 099 | O41: Scottsdale, Arizona, United States | P41: Scottsdale | Q41: Arizona | R41: United States | S41: 46045 | T41: =TEXT(S41,"mmm") -> Jan | U41: 2026 | V41: 0
A42: Kaggle | B42: open box Apple iPhone 13 128GB Unlocked 1 year ex warranty RED color | C42: iPhone 13 | D42: 13 | E42: FALSE | F42: 128GB | G42: 128 | H42: Open Box | I42: 321.99 | K42: No Discount | L42: 2 | M42: 0 | N42: Seller 019 | O42: Granada Hills, California, United States | P42: Granada Hills | Q42: California | R42: United States | S42: 46072 | T42: =TEXT(S42,"mmm") -> Feb | U42: 2026 | V42: 0
A43: Kaggle | B43: New Unlocked Apple iPhone 17 Pro Max 6.9-inch A3257 Cosmic Orange 256GB | C43: iPhone 17 Pro Max | D43: 17 | E43: TRUE | F43: 256GB | G43: 256 | H43: New | I43: 1699 | K43: No Discount | L43: 0 | M43: 7 | N43: Seller 082 | O43: Fairfax, Virginia, United States | P43: Fairfax | Q43: Virginia | R43: United States | S43: 46097 | T43: =TEXT(S43,"mmm") -> Mar | U43: 2026 | V43: 11893
A44: Kaggle | B44: Apple iPhone 15 128/256/512GB Unlocked Very Good All Colors | C44: iPhone 15 | D44: 15 | E44: FALSE | F44: 512GB | G44: 512 | H44: Very Good | I44: 384.03 | J44: 799.99 | K44: 52 | L44: 0 | M44: 930 | N44: Seller 195 | O44: Fort Worth, Texas, United States | P44: Fort Worth | Q44: Texas | R44: United States | S44: 46110 | T44: =TEXT(S44,"mmm") -> Mar | U44: 2026 | V44: 357147.9
A45: Kaggle | B45: Apple iPhone 15 128/256/512GB Unlocked Excellent All Colors | C45: iPhone 15 | D45: 15 | E45: FALSE | F45: 512GB | G45: 512 | H45: Excellent | I45: 412.86 | J45: 799.99 | K45: 48.39 | L45: 0 | M45: 222 | N45: Seller 195 | O45: Fort Worth, Texas, United States | P45: Fort Worth | Q45: Texas | R45: United States | S45: 46110 | T45: =TEXT(S45,"mmm") -> Mar | U45: 2026 | V45: 91654.92
A46: Kaggle | B46: Apple iPhone 12 64GB Unlocked all colors MODEL A2172 used good | C46: iPhone 12 | D46: 12 | E46: FALSE | F46: 64GB | G46: 64 | H46: Used | I46: 199.99 | K46: No Discount | L46: 5 | M46: 0 | N46: Seller 019 | O46: Granada Hills, California, United States | P46: Granada Hills | Q46: California | R46: United States | S46: 46059 | T46: =TEXT(S46,"mmm") -> Feb | U46: 2026 | V46: 0
A47: Kaggle | B47: Apple iPhone 14 128gb BLUE Factory Unlocked open box battery health | C47: iPhone 14 | D47: 14 | E47: FALSE | F47: 128GB | G47: 128 | H47: Open Box | I47: 314.99 | K47: No Discount | L47: 0 | M47: 2 | N47: Seller 019 | O47: Granada Hills, California, United States | P47: Granada Hills | Q47: California | R47: United States | S47: 46067 | T47: =TEXT(S47,"mmm") -> Feb | U47: 2026 | V47: 629.98
A48: Kaggle | B48: New Apple iPhone 13 Mini 256GB/128GB 5G Fully Factory Unlocked for All Carrier！ | C48: iPhone 13 Mini | D48: 13 | E48: FALSE | F48: 128GB|256GB | G48: 128 | H48: New | I48: 321.88 | K48: No Discount | L48: 2 | M48: 1 | N48: Seller 291 | O48: Brooklyn, New York, United States | P48: Brooklyn | Q48: New York | R48: United States | S48: 46109 | T48: =TEXT(S48,"mmm") -> Mar | U48: 2026 | V48: 321.88
A49: Kaggle | B49: Factory New Apple iPhone 14 Pro Max/13 Pro /SE 3rd/14/12 Pro/12 Mini/13 Mini LOT | C49: iPhone 14 Pro Max | D49: 14 | E49: TRUE | F49: 128GB | G49: 128 | H49: New | I49: 314.11 | K49: No Discount | L49: 0 | M49: 2 | N49: Seller 291 | O49: Whippany, New Jersey, United States | P49: Whippany | Q49: New Jersey | R49: United States | S49: 46109 | T49: =TEXT(S49,"mmm") -> Mar | U49: 2026 | V49: 628.22
A50: Kaggle | B50: Factory New Apple iPhone 13 Mini /12 Mini /14 Pro Max /14/13/SE 3rd Unlocked LOT | C50: iPhone 13 Mini | D50: 13 | E50: FALSE | F50: 128GB | G50: 128 | H50: New | I50: 314.11 | K50: No Discount | L50: 0 | M50: 3 | N50: Seller 291 | O50: Brooklyn, New York, United States | P50: Brooklyn | Q50: New York | R50: United States | S50: 46109 | T50: =TEXT(S50,"mmm") -> Mar | U50: 2026 | V50: 942.33
A51: Kaggle | B51: open box Apple iPhone 13 128GB pink color Unlocked | C51: iPhone 13 | D51: 13 | E51: FALSE | F51: 128GB | G51: 128 | H51: Open Box | I51: 326.99 | K51: No Discount | L51: 0 | M51: 1 | N51: Seller 019 | O51: Granada Hills, California, United States | P51: Granada Hills | Q51: California | R51: United States | S51: 46048 | T51: =TEXT(S51,"mmm") -> Jan | U51: 2026 | V51: 326.99
A52: Kaggle | B52: open box Apple iPhone 12 64GB Unlocked MODEL A2172 all colors | C52: iPhone 12 | D52: 12 | E52: FALSE | F52: 64GB | G52: 64 | H52: Open Box | I52: 234.99 | K52: No Discount | L52: 1 | M52: 0 | N52: Seller 019 | O52: Granada Hills, California, United States | P52: Granada Hills | Q52: California | R52: United States | S52: 46080 | T52: =TEXT(S52,"mmm") -> Feb | U52: 2026 | V52: 0
A53: Kaggle | B53: open box Apple iPhone 12 256GB Unlocked MODEL A2172 RED color | C53: iPhone 12 | D53: 12 | E53: FALSE | F53: 256GB | G53: 256 | H53: Open Box | I53: 241.99 | K53: No Discount | L53: 1 | M53: 0 | N53: Seller 019 | O53: Granada Hills, California, United States | P53: Granada Hills | Q53: California | R53: United States | S53: 46072 | T53: =TEXT(S53,"mmm") -> Feb | U53: 2026 | V53: 0
A54: Kaggle | B54: Apple iPhone 12 Pro Max - 256 GB - Pacific Blue - Unlocked - Good Refurbished | C54: iPhone 12 Pro Max | D54: 12 | E54: TRUE | F54: 256GB | G54: 256 | H54: Good | I54: 304.99 | K54: No Discount | L54: 3 | M54: 6 | N54: Seller 545 | O54: Dallas, Texas, United States | P54: Dallas | Q54: Texas | R54: United States | S54: 46105 | T54: =TEXT(S54,"mmm") -> Mar | U54: 2026 | V54: 1829.94
A55: Kaggle | B55: Apple iPhone 12 64GB Unlocked MODEL A2172 Blue color open box | C55: iPhone 12 | D55: 12 | E55: FALSE | F55: 64GB | G55: 64 | H55: Open Box | I55: 228.99 | K55: No Discount | L55: 1 | M55: 0 | N55: Seller 019 | O55: Granada Hills, California, United States | P55: Granada Hills | Q55: California | R55: United States | S55: 46094 | T55: =TEXT(S55,"mmm") -> Mar | U55: 2026 | V55: 0
A56: Kaggle | B56: Apple iPhone 14 - 128GB fully Unlocked | C56: iPhone 14 | D56: 14 | E56: FALSE | F56: 128GB | G56: 128 | H56: Used | I56: 314.99 | K56: No Discount | L56: 2 | M56: 0 | N56: Seller 019 | O56: Granada Hills, California, United States | P56: Granada Hills | Q56: California | R56: United States | V56: 0
A57: Kaggle | B57: Apple iPhone 14 Plus - 128GB 256GB 512GB - Unlocked AT&T Verizon T-Mobile | C57: iPhone 14 Plus | D57: 14 | E57: FALSE | F57: 128GB|256GB|512GB | G57: 128 | H57: Used | I57: 272.99 | K57: No Discount | L57: 8 | M57: 0 | N57: Seller 152 | O57: Baltimore, Maryland, United States | P57: Baltimore | Q57: Maryland | R57: United States | S57: 46101 | T57: =TEXT(S57,"mmm") -> Mar | U57: 2026 | V57: 0
A58: Kaggle | B58: Apple iPhone 14 128GB 256GB - Unlocked AT&T Verizon T-Mobile - All Colors | C58: iPhone 14 | D58: 14 | E58: FALSE | F58: 128GB|256GB | G58: 128 | H58: Used | I58: 229.99 | K58: No Discount | L58: 10 | M58: 1 | N58: Seller 152 | O58: Baltimore, Maryland, United States | P58: Baltimore | Q58: Maryland | R58: United States | S58: 46097 | T58: =TEXT(S58,"mmm") -> Mar | U58: 2026 | V58: 229.99
A59: Kaggle | B59: Apple iPhone 17 256GB Unlocked Excellent All Colors | C59: iPhone 17 | D59: 17 | E59: FALSE | F59: 256GB | G59: 256 | H59: Excellent | I59: 743.81 | J59: 799 | K59: 6.91 | L59: 10 | M59: 60 | N59: Seller 195 | O59: Fort Worth, Texas, United States | P59: Fort Worth | Q59: Texas | R59: United States | S59: 46110 | T59: =TEXT(S59,"mmm") -> Mar | U59: 2026 | V59: 44628.6
A60: Kaggle | B60: Apple iPhone 17 256GB Unlocked Very Good All Colors | C60: iPhone 17 | D60: 17 | E60: FALSE | F60: 256GB | G60: 256 | H60: Very Good | I60: 669.86 | K60: No Discount | L60: 10 | M60: 218 | N60: Seller 195 | O60: Fort Worth, Texas, United States | P60: Fort Worth | Q60: Texas | R60: United States | S60: 46110 | T60: =TEXT(S60,"mmm") -> Mar | U60: 2026 | V60: 146029.48
A61: Kaggle | B61: Apple iPhone 17 256GB Unlocked Good All Colors | C61: iPhone 17 | D61: 17 | E61: FALSE | F61: 256GB | G61: 256 | H61: Good | I61: 661.03 | J61: 799 | K61: 17.27 | L61: 10 | M61: 175 | N61: Seller 195 | O61: Fort Worth, Texas, United States | P61: Fort Worth | Q61: Texas | R61: United States | S61: 46110 | T61: =TEXT(S61,"mmm") -> Mar | U61: 2026 | V61: 115680.25
A62: Kaggle | B62: Apple iPhone 17 512GB Unlocked Very Good All Colors | C62: iPhone 17 | D62: 17 | E62: FALSE | F62: 512GB | G62: 512 | H62: Very Good | I62: 931.96 | K62: No Discount | L62: 10 | M62: 1 | N62: Seller 195 | O62: Fort Worth, Texas, United States | P62: Fort Worth | Q62: Texas | R62: United States | S62: 46110 | T62: =TEXT(S62,"mmm") -> Mar | U62: 2026 | V62: 931.96
A63: Kaggle | B63: Apple iPhone 17 512GB Unlocked Good All Colors | C63: iPhone 17 | D63: 17 | E63: FALSE | F63: 512GB | G63: 512 | H63: Good | I63: 999.03 | K63: No Discount | L63: 7 | M63: 0 | N63: Seller 195 | O63: Fort Worth, Texas, United States | P63: Fort Worth | Q63: Texas | R63: United States | S63: 46110 | T63: =TEXT(S63,"mmm") -> Mar | U63: 2026 | V63: 0
A64: Kaggle | B64: Apple iPhone 17 Pro Max 512GB Unlocked Very Good All Colors | C64: iPhone 17 Pro Max | D64: 17 | E64: TRUE | F64: 512GB | G64: 512 | H64: Very Good | I64: 1275.88 | K64: No Discount | L64: 10 | M64: 299 | N64: Seller 195 | O64: Fort Worth, Texas, United States | P64: Fort Worth | Q64: Texas | R64: United States | S64: 46110 | T64: =TEXT(S64,"mmm") -> Mar | U64: 2026 | V64: 381488.12
A65: Kaggle | B65: Apple iPhone 17 Pro Max 512GB Unlocked Good All Colors | C65: iPhone 17 Pro Max | D65: 17 | E65: TRUE | F65: 512GB | G65: 512 | H65: Good | I65: 1364.8 | J65: 1399 | K65: 2.44 | L65: 9 | M65: 58 | N65: Seller 195 | O65: Fort Worth, Texas, United States | P65: Fort Worth | Q65: Texas | R65: United States | S65: 46110 | T65: =TEXT(S65,"mmm") -> Mar | U65: 2026 | V65: 79158.4
A66: Kaggle | B66: Apple iPhone 17 Pro Max 256GB Unlocked Very Good All Colors | C66: iPhone 17 Pro Max | D66: 17 | E66: TRUE | F66: 256GB | G66: 256 | H66: Very Good | I66: 1148.88 | K66: No Discount | L66: 0 | M66: 1752 | N66: Seller 195 | O66: Fort Worth, Texas, United States | P66: Fort Worth | Q66: Texas | R66: United States | S66: 46110 | T66: =TEXT(S66,"mmm") -> Mar | U66: 2026 | V66: 2012837.8
A67: Kaggle | B67: Factory New Apple iPhone 13 MINI (5G) 128GB/256GB Unlocked Smartphone 2-YRS-WTY | C67: iPhone 13 Mini | D67: 13 | E67: FALSE | F67: 128GB|256GB | G67: 128 | H67: New | I67: 321.88 | K67: No Discount | L67: 2 | M67: 1 | N67: Seller 291 | O67: Whippany, New Jersey, United States | P67: Whippany | Q67: New Jersey | R67: United States | S67: 46109 | T67: =TEXT(S67,"mmm") -> Mar | U67: 2026 | V67: 321.88
A68: Kaggle | B68: New Sealed Apple iPhone 13 MINI 5G A2481 128GB 256GB Factory Unlocked Smartphone | C68: iPhone 13 Mini | D68: 13 | E68: FALSE | F68: 128GB|256GB | G68: 128 | H68: New | I68: 321.99 | K68: No Discount | L68: 2 | M68: 0 | N68: Seller 291 | O68: Brooklyn, New York, United States | P68: Brooklyn | Q68: New York | R68: United States | S68: 46109 | T68: =TEXT(S68,"mmm") -> Mar | U68: 2026 | V68: 0
A69: Kaggle | B69: Brand New Apple iPhone 13 MINI 128GB/256GB A2481 Factory Unlocked Smartphone USA | C69: iPhone 13 Mini | D69: 13 | E69: FALSE | F69: 128GB|256GB | G69: 128 | H69: New | I69: 321.99 | K69: No Discount | L69: 2 | M69: 0 | N69: Seller 291 | O69: Brooklyn, New York, United States | P69: Brooklyn | Q69: New York | R69: United States | S69: 46109 | T69: =TEXT(S69,"mmm") -> Mar | U69: 2026 | V69: 0
A70: Kaggle | B70: New Apple iPhone 13 MINI 128/256/512GB A2481 Factory Unlocked Smartphone US SHIP | C70: iPhone 13 Mini | D70: 13 | E70: FALSE | F70: 512GB | G70: 512 | H70: New | I70: 321.99 | K70: No Discount | L70: 2 | M70: 0 | N70: Seller 291 | O70: Whippany, New Jersey, United States | P70: Whippany | Q70: New Jersey | R70: United States | S70: 46109 | T70: =TEXT(S70,"mmm") -> Mar | U70: 2026 | V70: 0
A71: Kaggle | B71: New Apple iPhone 13 MINI A2481 128GB 256GB 512GB 5.4" Unlocked Smartphone US LOT | C71: iPhone 13 Mini | D71: 13 | E71: FALSE | F71: 128GB|256GB|512GB | G71: 128 | H71: New | I71: 321.99 | K71: No Discount | L71: 2 | M71: 0 | N71: Seller 291 | O71: Brooklyn, New York, United States | P71: Brooklyn | Q71: New York | R71: United States | S71: 46109 | T71: =TEXT(S71,"mmm") -> Mar | U71: 2026 | V71: 0
A72: Kaggle | B72: Apple iPhone 12 128GB Unlocked MODEL A2172 Green color | C72: iPhone 12 | D72: 12 | E72: FALSE | F72: 128GB | G72: 128 | H72: Open Box | I72: 231.99 | K72: No Discount | L72: 1 | M72: 0 | N72: Seller 019 | O72: Granada Hills, California, United States | P72: Granada Hills | Q72: California | R72: United States | V72: 0
A73: Kaggle | B73: Apple iPhone 13 128GB SIM Unlocked Midnight - Excellent Condition ✅ Ships Today! | C73: iPhone 13 | D73: 13 | E73: FALSE | F73: 128GB | G73: 128 | H73: Open Box | I73: 268.87 | K73: No Discount | L73: 10 | M73: 0 | N73: Seller 099 | O73: Scottsdale, Arizona, United States | P73: Scottsdale | Q73: Arizona | R73: United States | S73: 46108 | T73: =TEXT(S73,"mmm") -> Mar | U73: 2026 | V73: 0
A74: Kaggle | B74: Factory New Sealed Apple iPhone 13 MINI A2481 128/256GB Unlocked 2-Year Warranty | C74: iPhone 13 Mini | D74: 13 | E74: FALSE | F74: 256GB | G74: 256 | H74: New | I74: 321.99 | K74: No Discount | L74: 2 | M74: 0 | N74: Seller 291 | O74: Brooklyn, New York, United States | P74: Brooklyn | Q74: New York | R74: United States | S74: 46109 | T74: =TEXT(S74,"mmm") -> Mar | U74: 2026 | V74: 0
A75: Kaggle | B75: New Sealed Apple iPhone 13 MINI A2481 128GB 256GB 512GB 5.4" Unlocked Smartphone | C75: iPhone 13 Mini | D75: 13 | E75: FALSE | F75: 128GB|256GB|512GB | G75: 128 | H75: New | I75: 321.99 | K75: No Discount | L75: 2 | M75: 0 | N75: Seller 291 | O75: Whippany, New Jersey, United States | P75: Whippany | Q75: New Jersey | R75: United States | S75: 46110 | T75: =TEXT(S75,"mmm") -> Mar | U75: 2026 | V75: 0
A76: Kaggle | B76: Apple iPhone 16 - 128GB - Black (Unlocked) - NEW & SEALED | C76: iPhone 16 | D76: 16 | E76: FALSE | F76: 128GB | G76: 128 | H76: New | I76: 639.95 | K76: No Discount | L76: 2 | M76: 1 | N76: Seller 166 | O76: Harrisville, Pennsylvania, United States | P76: Harrisville | Q76: Pennsylvania | R76: United States | V76: 639.95
A77: Kaggle | B77: Apple iPhone 17e 256GB Factory Unlocked Physical SIM Card A3634 - New | C77: iPhone 17 | D77: 17 | E77: FALSE | F77: 256GB | G77: 256 | H77: New | I77: 779.95 | K77: No Discount | L77: 2 | M77: 3 | N77: Seller 660 | O77: Miami, Florida, United States | P77: Miami | Q77: Florida | R77: United States | S77: 46107 | T77: =TEXT(S77,"mmm") -> Mar | U77: 2026 | V77: 2339.85
A78: Kaggle | B78: New Sealed Apple iPhone 13 Mini/12 Mini/14 Pro max/14/13/SE 3rd 5G Unlocked LOT | C78: iPhone 13 Mini | D78: 13 | E78: FALSE | F78: 128GB | G78: 128 | H78: New | I78: 314.11 | K78: No Discount | L78: 1 | M78: 0 | N78: Seller 291 | O78: Whippany, New Jersey, United States | P78: Whippany | Q78: New Jersey | R78: United States | S78: 46109 | T78: =TEXT(S78,"mmm") -> Mar | U78: 2026 | V78: 0
A79: Kaggle | B79: NEW Sealed Apple iPhone 14/14Pro max/13/SE/12 Mini/13 Mini Factory Unlocked LOT | C79: iPhone 14 | D79: 14 | E79: FALSE | F79: 128GB | G79: 128 | H79: New | I79: 314.11 | K79: No Discount | L79: 1 | M79: 0 | N79: Seller 291 | O79: Brooklyn, New York, United States | P79: Brooklyn | Q79: New York | R79: United States | S79: 46109 | T79: =TEXT(S79,"mmm") -> Mar | U79: 2026 | V79: 0
A80: Kaggle | B80: NEW Sealed Apple iPhone 14/13/12 Mini/13 Mini 5G Factory Unlocked SmartPhone LOT | C80: iPhone 14 | D80: 14 | E80: FALSE | F80: 128GB | G80: 128 | H80: New | I80: 314.11 | K80: No Discount | L80: 1 | M80: 0 | N80: Seller 291 | O80: Brooklyn, New York, United States | P80: Brooklyn | Q80: New York | R80: United States | S80: 46109 | T80: =TEXT(S80,"mmm") -> Mar | U80: 2026 | V80: 0
A81: Kaggle | B81: New Apple iPhone 13 Mini/12 Mini/14 Pro max/14/13/SE 3rd Unlocked in Sealed Box | C81: iPhone 13 Mini | D81: 13 | E81: FALSE | F81: 128GB | G81: 128 | H81: New | I81: 314.11 | K81: No Discount | L81: 1 | M81: 0 | N81: Seller 291 | O81: Whippany, New Jersey, United States | P81: Whippany | Q81: New Jersey | R81: United States | S81: 46109 | T81: =TEXT(S81,"mmm") -> Mar | U81: 2026 | V81: 0
A82: Kaggle | B82: Apple iPhone 13 Mini - Fully Unlocked - 5.4" - 128GB - Excellent | C82: iPhone 13 Mini | D82: 13 | E82: FALSE | F82: 128GB | G82: 128 | H82: Very Good | I82: 319 | J82: 599 | K82: 46.74 | L82: 0 | M82: 235 | N82: Seller 387 | O82: Linden, New Jersey, United States | P82: Linden | Q82: New Jersey | R82: United States | S82: 46110 | T82: =TEXT(S82,"mmm") -> Mar | U82: 2026 | V82: 74965
A83: Kaggle | B83: Apple iPhone 12, Unlocked Smartphone, 64GB, 128GB, 256GB - SYDNEY STOCK | C83: iPhone 12 | D83: 12 | E83: FALSE | F83: 64GB|128GB|256GB | G83: 64 | H83: New | I83: 541.9 | K83: No Discount | L83: 10 | M83: 61 | N83: Seller 548 | O83: Sydney, NSW, Australia | P83: Sydney | R83: Australia | S83: 46079 | T83: =TEXT(S83,"mmm") -> Feb | U83: 2026 | V83: 33055.9
A84: Kaggle | B84: Apple iPhone 13 Mini - Fully Unlocked - 5.4" - 128GB - Good | C84: iPhone 13 Mini | D84: 13 | E84: FALSE | F84: 128GB | G84: 128 | H84: Good | I84: 299 | J84: 569 | K84: 47.45 | L84: 0 | M84: 73 | N84: Seller 387 | O84: Linden, New Jersey, United States | P84: Linden | Q84: New Jersey | R84: United States | S84: 46110 | T84: =TEXT(S84,"mmm") -> Mar | U84: 2026 | V84: 21827
A85: Kaggle | B85: Apple iPhone 13 Unlocked Smartphone, 128GB, 256GB, SYDNEY STOCK | C85: iPhone 13 | D85: 13 | E85: FALSE | F85: 128GB|256GB | G85: 128 | H85: New | I85: 691.9 | K85: No Discount | L85: 10 | M85: 7 | N85: Seller 548 | O85: Sydney, NSW, Australia | P85: Sydney | R85: Australia | S85: 46079 | T85: =TEXT(S85,"mmm") -> Feb | U85: 2026 | V85: 4843.3
A86: Kaggle | B86: Apple iPhone 12 - 128gb - Blue fully unlocked works over seas only - Excellent | C86: iPhone 12 | D86: 12 | E86: FALSE | F86: 128GB | G86: 128 | H86: Excellent | I86: 419.88 | K86: No Discount | L86: 2 | M86: 3 | N86: Seller 064 | O86: Southfield, Michigan, United States | P86: Southfield | Q86: Michigan | R86: United States | S86: 46086 | T86: =TEXT(S86,"mmm") -> Mar | U86: 2026 | V86: 1259.64
A87: Kaggle | B87: Apple iPhone 14 Physical SIM Tray 128GB 256GB 512GB Fast Shipping✈️ | C87: iPhone 14 | D87: 14 | E87: FALSE | F87: 128GB|256GB|512GB | G87: 128 | H87: New | I87: 1394.99 | K87: No Discount | L87: 1 | M87: 0 | N87: Seller 079 | O87: Calgary, Alberta, Canada | P87: Calgary | R87: Canada | S87: 46025 | T87: =TEXT(S87,"mmm") -> Jan | U87: 2026 | V87: 0
A88: Kaggle | B88: Apple iPhone 14 Plus Physical SIM Tray 128GB 256GB 512GB - Fast Shipping✈️ | C88: iPhone 14 Plus | D88: 14 | E88: FALSE | F88: 128GB|256GB|512GB | G88: 128 | H88: New | I88: 1594.99 | K88: No Discount | L88: 1 | M88: 0 | N88: Seller 079 | O88: Sanborn, NY, United States | P88: Sanborn | Q88: New York | R88: United States | S88: 46025 | T88: =TEXT(S88,"mmm") -> Jan | U88: 2026 | V88: 0
A89: Kaggle | B89: Apple iPhone 12 Pro Max 5G 256GB Factory Unlocked / TMOBILE / XFINITY / METRO | C89: iPhone 12 Pro Max | D89: 12 | E89: TRUE | F89: 256GB | G89: 256 | H89: Excellent | I89: 369.48 | K89: No Discount | L89: 0 | M89: 23 | N89: Seller 064 | O89: Southfield, Michigan, United States | P89: Southfield | Q89: Michigan | R89: United States | S89: 46086 | T89: =TEXT(S89,"mmm") -> Mar | U89: 2026 | V89: 8498.04
A90: Kaggle | B90: iPhone 12 Pro Max, Unlocked Smartphone, 128GB, 256GB, 512GB - SYDNEY STOCK | C90: iPhone 12 Pro Max | D90: 12 | E90: TRUE | F90: 128GB|256GB|512GB | G90: 128 | H90: New | I90: 751.9 | K90: No Discount | L90: 10 | M90: 20 | N90: Seller 548 | O90: Sydney, NSW, Australia | P90: Sydney | R90: Australia | S90: 46079 | T90: =TEXT(S90,"mmm") -> Feb | U90: 2026 | V90: 15038
A91: Kaggle | B91: New Sealed Apple iPhone 13 MINI A2481 128GB/256GB Unlocked GSM CDMA Smartphone | C91: iPhone 13 Mini | D91: 13 | E91: FALSE | F91: 128GB|256GB | G91: 128 | H91: New | I91: 321.99 | K91: No Discount | L91: 2 | M91: 9 | N91: Seller 574 | O91: Whippany, New Jersey, United States | P91: Whippany | Q91: New Jersey | R91: United States | S91: 46109 | T91: =TEXT(S91,"mmm") -> Mar | U91: 2026 | V91: 2897.91
A92: Kaggle | B92: Apple iPhone 13 Mini, Unlocked Smartphone, 128GB, 256GB, 512GB, SYDNEY STOCK | C92: iPhone 13 Mini | D92: 13 | E92: FALSE | F92: 128GB|256GB|512GB | G92: 128 | H92: New | I92: 621.9 | K92: No Discount | L92: 10 | M92: 24 | N92: Seller 548 | O92: Sydney, NSW, Australia | P92: Sydney | R92: Australia | S92: 46079 | T92: =TEXT(S92,"mmm") -> Feb | U92: 2026 | V92: 14925.6
A93: Kaggle | B93: New Apple iPhone 13 MINI/13 PRO MAX 512GB 256GB 128GB A2176 A2484 USA Unlocked | C93: iPhone 13 Mini | D93: 13 | E93: FALSE | F93: 128GB|256GB|512GB | G93: 128 | H93: New | I93: 321.99 | K93: No Discount | L93: 2 | M93: 5 | N93: Seller 574 | O93: Whippany, New Jersey, United States | P93: Whippany | Q93: New Jersey | R93: United States | S93: 46109 | T93: =TEXT(S93,"mmm") -> Mar | U93: 2026 | V93: 1609.95
A94: Kaggle | B94: NEW SEALED iPhone 13 mini (5G) 128GB/256GB Factory Unlocked Smartphone US A2481 | C94: iPhone 13 Mini | D94: 13 | E94: FALSE | F94: 128GB|256GB | G94: 128 | H94: New | I94: 321.99 | K94: No Discount | L94: 2 | M94: 1 | N94: Seller 574 | O94: Whippany, New Jersey, United States | P94: Whippany | Q94: New Jersey | R94: United States | S94: 46109 | T94: =TEXT(S94,"mmm") -> Mar | U94: 2026 | V94: 321.99
A95: Kaggle | B95: New Sealed Apple iPhone 13 MINI 5G 128GB 256GB A2481 Factory Unlocked US Stock | C95: iPhone 13 Mini | D95: 13 | E95: FALSE | F95: 128GB|256GB | G95: 128 | H95: New | I95: 321.99 | K95: No Discount | L95: 2 | M95: 1 | N95: Seller 574 | O95: Whippany, New Jersey, United States | P95: Whippany | Q95: New Jersey | R95: United States | S95: 46109 | T95: =TEXT(S95,"mmm") -> Mar | U95: 2026 | V95: 321.99
A96: Kaggle | B96: Lot Of 5 Apple iPhone 14 Plus 128GB (Unlocked) | C96: iPhone 14 Plus | D96: 14 | E96: FALSE | F96: 128GB | G96: 128 | H96: Used | I96: 2049.95 | K96: No Discount | L96: 2 | M96: 2 | N96: Seller 017 | O96: North Miami Beach, Florida, United States | P96: North Miami Beach | Q96: Florida | R96: United States | S96: 45955 | T96: =TEXT(S96,"mmm") -> Oct | U96: 2025 | V96: 4099.9
A97: Kaggle | B97: Factory New Sealed Apple iPhone 14/iPhone 14 Pro Max 128G 256 512GB Unlocked LOT | C97: iPhone 14 Pro Max | D97: 14 | E97: TRUE | F97: 512GB | G97: 512 | H97: New | I97: 314.11 | K97: No Discount | L97: 0 | M97: 44 | N97: Seller 574 | O97: Whippany, New Jersey, United States | P97: Whippany | Q97: New Jersey | R97: United States | S97: 46109 | T97: =TEXT(S97,"mmm") -> Mar | U97: 2026 | V97: 13820.84
A98: Kaggle | B98: NEW SEALED APPLE IPHONE 14 5G 128GB~512GB FACTORY UNLOCKED ALL CARRIERS & COLORS | C98: iPhone 14 | D98: 14 | E98: FALSE | F98: 128GB|512GB | G98: 128 | H98: New | I98: 389.01 | K98: No Discount | L98: 2 | M98: 1 | N98: Seller 574 | O98: Whippany, New Jersey, United States | P98: Whippany | Q98: New Jersey | R98: United States | S98: 46109 | T98: =TEXT(S98,"mmm") -> Mar | U98: 2026 | V98: 389.01
A99: Kaggle | B99: Apple iPhone 15 128GB Factory Unlocked CDMA + GSM - EXCELLENT | C99: iPhone 15 | D99: 15 | E99: FALSE | F99: 128GB | G99: 128 | H99: Excellent | I99: 369.48 | K99: No Discount | L99: 0 | M99: 417 | N99: Seller 064 | O99: Southfield, Michigan, United States | P99: Southfield | Q99: Michigan | R99: United States | S99: 46107 | T99: =TEXT(S99,"mmm") -> Mar | U99: 2026 | V99: 154073.16
A100: Kaggle | B100: Apple iPhone 13 Mini - Fully Unlocked - 128GB - 5.4" - Good | C100: iPhone 13 Mini | D100: 13 | E100: FALSE | F100: 128GB | G100: 128 | H100: Good | I100: 249 | J100: 647.99 | K100: 61.57 | L100: 2 | M100: 4 | N100: Seller 387 | O100: Linden, New Jersey, United States | P100: Linden | Q100: New Jersey | R100: United States | S100: 46110 | T100: =TEXT(S100,"mmm") -> Mar | U100: 2026 | V100: 996
A101: Kaggle | B101: Apple iPhone 14, Unlocked Smartphone, 128GB, 256GB, 512GB - SYDNEY STOCK | C101: iPhone 14 | D101: 14 | E101: FALSE | F101: 128GB|256GB|512GB | G101: 128 | H101: New | I101: 801.9 | K101: No Discount | L101: 5 | M101: 1 | N101: Seller 548 | O101: Sydney, NSW, Australia | P101: Sydney | R101: Australia | S101: 46079 | T101: =TEXT(S101,"mmm") -> Feb | U101: 2026 | V101: 801.9
...

Sheet DASHBOARD
A1: E-commerce iphone Resale Market Intelligence
C7: Units Sold | F7: Units Available | I7: Total Revenue | L7: Total Avg Revenue | O7: Total iphone Models | R7: Total no of Storage variant | U7: Best Selling Model | X7: Seller Count | AA7: Total no of US States | AD7: Total no of countries
C9: =SUM('Ecommerce iphone resale'!M2:M1678) -> 147128 | F9: =SUM('Ecommerce iphone resale'!L2:L1678) -> 4216 | I9: =SUM('Ecommerce iphone resale'!V1:V1678) -> 67602451 | L9: =AVERAGE('Ecommerce iphone resale'!V2:V1678) -> 40311.539 | O9: =COUNTA(_xlfn.UNIQUE('Ecommerce iphone resale'!C2:C1678)) -> 17 | R9: =COUNTA(_xlfn.UNIQUE('Ecommerce iphone resale'!G2:G1678)) -> 6 | U9: iphone 15 Pro Max | X9: =COUNTA(_xlfn.UNIQUE('Ecommerce iphone resale'!N2:N1678)) -> 240 | AA9: =COUNTA(_xlfn.UNIQUE('Ecommerce iphone resale'!Q2:Q1678)) -> 33 | AD9: =COUNTA(_xlfn.UNIQUE('Ecommerce iphone resale'!R2:R1678)) -> 10
U11: =GETPIVOTDATA("Revenue",'Top 5 performing models '!$A$3,"Model_family","iPhone 15 Pro Max") -> 27567566

Sheet Platform camparison
A1: PLATFORM COMPARISON
I7: Total Units Sold (eBay) | L7: Total Units Sold (Backmarket) | O7: Total Units Sold (Kaggle)
I9: =SUM(eBay!L2:L2034) -> 64692 | L9: =SUM(Backmarket!D2:D69) -> 46290 | O9: =SUM('Ecommerce iphone resale'!M2:M1678) -> 147128
I12: =SUM(eBay!P2:P2034) -> 28212467 | L12: =SUM(Backmarket!G2:G69) -> 12577556 | O12: =SUM('Ecommerce iphone resale'!V2:V1678) -> 67602451

Sheet Product counts
B4: Row Labels | C4: Sum of Available | D4: Sum of Sold
B5: 12 | C5: 669 | D5: 16422
B6: 13 | C6: 1119 | D6: 14096
B7: 14 | C7: 1085 | D7: 15435 | H7: Total no of sold products | L7: Total no of Avl products
B8: 15 | C8: 374 | D8: 90612 | H8: =SUM('Ecommerce iphone resale'!M1:M1678) -> 147128 | L8: =SUM('Ecommerce iphone resale'!L2:L1678) -> 4216
B9: 16 | C9: 175 | D9: 6640
B10: 17 | C10: 794 | D10: 3923
H11: Pros Count | L11: Non-Pros Count
H12: =COUNTIF('Ecommerce iphone resale'!E1:E1678,"TRUE") -> 333 | L12: =COUNTIF('Ecommerce iphone resale'!E2:E1678,"FALSE") -> 1344

Sheet Top 5 performing models 
A3: Row Labels | B3: Sum of Revenue
A4: iPhone 16 | B4: 3855210
A5: iPhone 14 | B5: 3967545.5
A6: iPhone 15 | B6: 7523231.6
A7: iPhone 15 Pro | B7: 9662011.4
A8: iPhone 15 Pro Max | B8: 27567566
C22: =B26-B25 -> 73.195
A23: iphone 14 | B23: 297.71206 | C23: The Price difference between the iphone 15 pro and iphone 15 Pro Max is just $73.20
A24: iphone 15 | B24: 407.06846
A25: iphone 15 Pro | B25: 495.795
A26: iphone 15 Pro Max | B26: 568.99
A27: iphone 16 | B27: 586.53137

Sheet Least 5 iphone models
A2: Row Labels | B2: Sum of Revenue
A3: iPhone 12 Mini | B3: 3527.02
A4: iPhone 13 Pro Max | B4: 4159.83
A5: iPhone 12 Pro | B5: 7789.8
A6: iPhone 14 Pro Max | B6: 522833.15
A7: iPhone 14 Plus | B7: 681755.58

Sheet Price comparison
B3: Model | C3: Kaggle | D3: eBay | E3: Backmarket
B4: iphone 12 | C4: 175.05243 | D4: 297.70803 | E4: 177.4975
B5: iphone 12 mini | C5: 324.35857 | D5: 284.35035 | E5: 163
B6: iphone 12 Pro | C6: 326.07833 | D6: 382.65487 | E6: 264.16
B7: iphone 12 Pro Max | C7: 388.41522 | D7: 476.74148 | E7: 323.2975
B8: iphone 13 | C8: 278.7781 | D8: 374.13188 | E8: 242.875
B9: iphone 13 mini | C9: 320.03556 | D9: 394.87063 | E9: 249.75
B10: iphone 13 Pro max | C10: 343.57667 | D10: 583.97424 | E10: 425.99
B11: iphone 14 | C11: 297.71206 | D11: 418.19738 | E11: 268.75
B12: iphone 14 Plus | C12: 392.48237 | D12: 448.24292 | E12: 303.485
B13: iphone 14 Pro Max | C13: 634.99886 | D13: 653.2259 | E13: 426.14
B14: iphone 15 | C14: 407.06846 | D14: 537.51583 | E14: 368.44
B15: iphone 15 Plus | C15: 415.01 | D15: 549.41471 | E15: 434.84
... B20: iphone 17 Pro Max | C20: 1349.7052 | D20: 1276.37 | E20: 1185.6667
B27: Model | C27: eBay VS Kaggle | D27: Kaggle VS Backmarket | E27: eBay VS Backmarket
B28: iphone 12 | C28: =C4-D4 -> -122.6556 | D28: =E4-D4 -> -120.21053 | E28: =D4-E4 -> 120.21053
B29: iphone 12 mini | C29: =C5-D5 -> 40.008224 | D29: =C5-E5 -> 161.35857 | E29: =D5-E5 -> 121.35035
B30: iphone 12 Pro | C30: =C6-D6 -> -56.576538 | D30: =C6-E6 -> 61.918333 | E30: =D6-E6 -> 118.49487
B31: iphone 12 Pro Max | C31: =C7-D7 -> -88.326264 | D31: =C7-E7 -> 65.117717 | E31: =D7-E7 -> 153.44398
B32: iphone 13 | C32: =C8-D8 -> -95.353778 | D32: =C8-E8 -> 35.903102 | E32: =D8-E8 -> 131.25688
B33: iphone 13 mini | C33: =C9-D9 -> -74.835076 | D33: =C9-E9 -> 70.285556 | E33: =D9-E9 -> 145.12063
B34: iphone 13 Pro max | C34: =C10-D10 -> -240.39757 | D34: =C10-E10 -> -82.413333 | E34: =D10-E10 -> 157.98424
B35: iphone 14 | C35: =C11-D11 -> -120.48532 | D35: =C11-E11 -> 28.962061 | E35: =D11-E11 -> 149.44738
B36: iphone 14 Plus | C36: =C12-D12 -> -55.760552 | D36: =C12-E12 -> 88.997373 | E36: =D12-E12 -> 144.75792
B37: iphone 14 Pro Max | C37: =C13-D13 -> -18.22704 | D37: =C13-E13 -> 208.85886 | E37: =D13-E13 -> 227.0859
B38: iphone 15 | C38: =C14-D14 -> -130.44737 | D38: =C14-E14 -> 38.628462 | E38: =D14-E14 -> 169.07583
B39: iphone 15 Plus | C39: =C15-D15 -> -134.40471 | D39: =C15-E15 -> -19.83 | E39: =D15-E15 -> 114.57471
B40: iphone 15 Pro | C40: =C16-D16 -> -195.13629 | D40: =C16-E16 -> 6.0475 | E40: =D16-E16 -> 201.18379
... B44: iphone 17 Pro Max | C44: =C20-D20 -> 73.335213 | D44: =C20-E20 -> 164.03855 | E44: =D20-E20 -> 90.703333
C45: Highest selling price(ebay) | D45: Mid level(Kaggle) | E45: Cheapest price(Backmarket)

Sheet Top 5 US states
B3: Row Labels | C3: Sum of Revenue
B4: Texas | C4: 45804582
B5: New York | C5: 9093082.7
B6: Kansas | C6: 5420041.2
B7: California | C7: 2590486.5
B8: New Jersey | C8: 1860004.8

Sheet Least 10 US states
B3: Row Labels | C3: Sum of Revenue
B4: Hawaii | C4: 0
B5: North Carolina | C5: 0
B6: Oregon | C6: 0
B7: Oklahoma | C7: 403
B8: Colorado | C8: 479.99
B9: Louisiana | C9: 649
B10: Tennessee | C10: 779.95
B11: Kentucky | C11: 839.85
B12: Missouri | C12: 1158.99
B13: Minnesota | C13: 1200
B26: Row Labels | C26: Sum of Revenue | D26: Average of Price | E26: Row Labels | F26: Sum of Revenue | G26: Average of Price
B27: Hawaii | C27: 0 | D27: 784.13 | E27: Texas | F27: 45804582 | G27: 240.22
C28: 0 | D28: 153 | E28: New York | F28: 8653155.7 | G28: 404.6138
B29: Oregon | C29: 0 | D29: 1134.97 | E29: Kansas | F29: 5420041.2 | G29: 453.44107
B30: North Carolina | C30: 0 | D30: 498 | E30: California | F30: 2590486.5 | G30: 564.88937
B31: Oklahoma | C31: 403 | D31: 451.495 | E31: New Jersey | F31: 1860004.8 | G31: 440.30095
B32: Colorado | C32: 479.99 | D32: 479.99
B33: Louisiana | C33: 649 | D33: 649
B34: Tennessee | C34: 779.95 | D34: 779.95
B35: Kentucky | C35: 839.85 | D35: 369.63333
B36: Missouri | C36: 1158.99 | D36: 586.33
B37: Minnesota | C37: 1200 | D37: 699.995

Sheet Revenue by country
A3: Row Labels | B3: Sum of Revenue
A4: United States | B4: 67081969
A5: China | B5: 112984.59
A6: South Korea | B6: 104870.18
A7: United Kingdom | B7: 86729.16
A8: Australia | B8: 78369.96

Sheet Most sold st variant
A3: Row Labels | B3: Sum of Revenue
A4: 256 | B4: 41781405
A5: 128 | B5: 20242025
A6: 512 | B6: 4828587.8
A7: 64 | B7: 674714.95
A8: 1024 | B8: 69035.14
A9: 2048 | B9: 6682.95

Sheet Most Sold condition
B3: Row Labels | C3: Sum of Sold
B4: For Parts Or Not Working | C4: 113
B5: Good | C5: 3468
B6: Open Box | C6: 4384
B7: New | C7: 5821
B8: Excellent | C8: 14511
B9: Used | C9: 21887
B10: Very Good | C10: 96944

Sheet Instock & NA
B2: Row Labels | C2: Sum of Available
B3: iPhone 13 Mini | C3: 752
B4: iPhone 14 | C4: 597
B5: iPhone 12 | C5: 470
B6: iPhone 17 | C6: 444
B7: iPhone 13 | C7: 352
B8: iPhone 17 Pro Max | C8: 350
B9: iPhone 14 Pro Max | C9: 337
B10: iPhone 15 | C10: 231
B11: iPhone 16 | C11: 175
B12: iPhone 12 Pro Max | C12: 165
B13: iPhone 14 Plus | C13: 151
B14: iPhone 15 Plus | C14: 116
... B19: iPhone 15 Pro Max | C19: 0

Sheet Most Sold Sellers
B4: Row Labels | C4: Sum of Revenue
B5: Seller 050 | C5: 41555087
B6: Seller 165 | C6: 5420041.2
B7: Seller 061 | C7: 4775219.9
B8: Seller 195 | C8: 3229557.4
B9: Seller 114 | C9: 2923017.6
B10: Seller 146 | C10: 2190694.2
B11: Seller 025 | C11: 999503.75
B12: Seller 023 | C12: 434397
B13: Seller 147 | C13: 420305
B14: Seller 084 | C14: 393088.8

Sheet Most sold platform
B2: Model | C2: Kaggle | D2: eBay | E2: Backmarket
B3: iPhone 12 | C3: 9614 | D3: 238 | E3: 9967
B4: iPhone 12 Mini | C4: 11 | D4: 115 | E4: 4278
B5: iPhone 12 Pro | C5: 24 | D5: 78 | E5: 3733
B6: iPhone 12 Pro Max | C6: 6773 | D6: 54 | E6: 3421
B7: iPhone 13 | C7: 9870 | D7: 282 | E7: 6021
B8: iPhone 13 Mini | C8: 4213 | D8: 95 | E8: 2311
B9: iPhone 13 Pro Max | C9: 13 | D9: 85 | E9: 2492
B10: iPhone 14 | C10: 12742 | D10: 271 | E10: 4078
B11: iPhone 14 Plus | C11: 1818 | D11: 106 | E11: 1706
B12: iPhone 14 Pro Max | C12: 875 | D12: 78 | E12: 1659
B13: iPhone 15 | C13: 18730 | D13: 211 | E13: 2010
B14: iPhone 15 Plus | C14: 3480 | D14: 85 | E14: 1166
... B19: iPhone 17 Pro Max | C19: 2832 | D19: 1 | E19: 72

Sheet Platform Revenue Comparison
A1: Model | B1: Kaggle | C1: eBay | D1: Backmarket
A2: iPhone 12 | B2: 1809323.6 | C2: 2696546.8 | D2: 1707684.3
A3: iPhone 12 Mini | B3: 3527.02 | C3: 749778.9 | D3: 629414
A4: iPhone 12 Pro | B4: 7789.8 | C4: 1646549.8 | D4: 912535.08
A5: iPhone 12 Pro Max | B5: 2273560.3 | C5: 636954.45 | D5: 1091344.8
A6: iPhone 13 | B6: 2637286.5 | C6: 4199196.9 | D6: 1389519
A7: iPhone 13 Mini | B7: 1134297.8 | C7: 525629.63 | D7: 488655
A8: iPhone 13 Pro Max | B8: 4159.83 | C8: 724.11 | D8: 957552.48
A9: iPhone 14 | B9: 3967545.5 | C9: 3575027.5 | D9: 1073606
A10: iPhone 14 Plus | B10: 681755.58 | C10: 1341986.2 | D10: 518177.32
A11: iPhone 14 Pro Max | B11: 522833.15 | C11: 1542277.7 | D11: 733934.84
A12: iPhone 15 | B12: 7523231.6 | C12: 2528053.3 | D12: 739768.48
A13: iPhone 15 Plus | B13: 1437093 | C13: 923986.56 | D13: 455901.96
... A18: iPhone 17 Pro Max | B18: 3645022.7 | C18: 7658.22 | D18: 100238
